ISO-10303-21;
HEADER;
FILE_DESCRIPTION (( 'STEP AP203' ),
    '1' );
FILE_NAME ('K230ºó¸Ç.STEP',
    '2026-04-25T15:00:30',
    ( '' ),
    ( '' ),
    'SwSTEP 2.0',
    'SolidWorks 2024',
    '' );
FILE_SCHEMA (( 'CONFIG_CONTROL_DESIGN' ));
ENDSEC;

DATA;
#1 = EDGE_CURVE ( 'NONE', #1398, #1157, #1006, .T. ) ;
#2 = ORIENTED_EDGE ( 'NONE', *, *, #1319, .F. ) ;
#3 = VERTEX_POINT ( 'NONE', #722 ) ;
#4 = LINE ( 'NONE', #167, #1670 ) ;
#5 = DIRECTION ( 'NONE',  ( -0.000000000000000000, -0.000000000000000000, 1.000000000000000000 ) ) ;
#6 = DIRECTION ( 'NONE',  ( -1.000000000000000000, -2.178842789300671692E-32, 0.000000000000000000 ) ) ;
#7 = ORIENTED_EDGE ( 'NONE', *, *, #1086, .T. ) ;
#8 = CARTESIAN_POINT ( 'NONE',  ( 43.54991751520977061, 62.69999999999998863, -0.2000000000000005107 ) ) ;
#9 = PERSON_AND_ORGANIZATION ( #1084, #1050 ) ;
#10 = CARTESIAN_POINT ( 'NONE',  ( 1.550001308192072935, 2.999999463558197021, -4.500000000000000000 ) ) ;
#11 = APPLICATION_CONTEXT ( 'configuration controlled 3d designs of mechanical parts and assemblies' ) ;
#12 = ORIENTED_EDGE ( 'NONE', *, *, #399, .T. ) ;
#13 = ADVANCED_FACE ( 'NONE', ( #1297 ), #1628, .T. ) ;
#14 = CARTESIAN_POINT ( 'NONE',  ( 1.499917515209770569, 13.99999923706054794, -0.4999999999999961142 ) ) ;
#15 = CARTESIAN_POINT ( 'NONE',  ( 1.499917515209767238, 40.79999923706054688, -2.033407071437505715E-36 ) ) ;
#16 = ORIENTED_EDGE ( 'NONE', *, *, #409, .T. ) ;
#17 = CARTESIAN_POINT ( 'NONE',  ( 77.99991751520975924, 40.00000000000000000, -0.5000000000000014433 ) ) ;
#18 = LINE ( 'NONE', #479, #1847 ) ;
#19 = AXIS2_PLACEMENT_3D ( 'NONE', #1222, #784, #933 ) ;
#20 = LINE ( 'NONE', #618, #393 ) ;
#21 = CIRCLE ( 'NONE', #239, 1.500000000000000000 ) ;
#22 = VECTOR ( 'NONE', #1038, 1000.000000000000000 ) ;
#23 = DIRECTION ( 'NONE',  ( -0.000000000000000000, 0.000000000000000000, 1.000000000000000000 ) ) ;
#24 = CARTESIAN_POINT ( 'NONE',  ( 3.000005272347671337, 50.00000263666979095, 2.499999999999999556 ) ) ;
#25 = ORIENTED_EDGE ( 'NONE', *, *, #787, .T. ) ;
#26 = AXIS2_PLACEMENT_3D ( 'NONE', #1383, #363, #917 ) ;
#27 = DIRECTION ( 'NONE',  ( -9.693906473417116028E-33, -8.462065736472229849E-17, -1.000000000000000000 ) ) ;
#28 = LINE ( 'NONE', #603, #879 ) ;
#29 = ORIENTED_EDGE ( 'NONE', *, *, #1282, .T. ) ;
#30 = DIRECTION ( 'NONE',  ( 0.000000000000000000, 0.000000000000000000, -1.000000000000000000 ) ) ;
#31 = DIRECTION ( 'NONE',  ( 0.7071067811865496822, 0.7071067811865453523, 0.000000000000000000 ) ) ;
#32 = EDGE_CURVE ( 'NONE', #1750, #1888, #1617, .T. ) ;
#33 = PLANE ( 'NONE',  #26 ) ;
#34 = VECTOR ( 'NONE', #562, 1000.000000000000000 ) ;
#35 = VERTEX_POINT ( 'NONE', #1914 ) ;
#36 = DIRECTION ( 'NONE',  ( -0.7071067811865495711, -0.7071067811865455743, 0.000000000000000000 ) ) ;
#37 = ORIENTED_EDGE ( 'NONE', *, *, #1515, .T. ) ;
#38 = CARTESIAN_POINT ( 'NONE',  ( 40.08459303502785076, 73.58375169221525880, -0.2000000000000005107 ) ) ;
#39 = CARTESIAN_POINT ( 'NONE',  ( 3.669607353027861313E-16, 3.000000000000000000, -4.500000000000000000 ) ) ;
#40 = DIRECTION ( 'NONE',  ( -0.000000000000000000, -0.000000000000000000, -1.000000000000000000 ) ) ;
#41 = EDGE_CURVE ( 'NONE', #157, #1174, #1448, .T. ) ;
#42 = DIRECTION ( 'NONE',  ( 1.000000000000000000, 0.000000000000000000, 0.000000000000000000 ) ) ;
#43 = CARTESIAN_POINT ( 'NONE',  ( 4.199917515209768304, 39.29999923706054688, -4.500000000000000000 ) ) ;
#44 = VERTEX_POINT ( 'NONE', #1035 ) ;
#45 = AXIS2_PLACEMENT_3D ( 'NONE', #445, #1633, #913 ) ;
#46 = DIRECTION ( 'NONE',  ( -1.000000000000000000, 0.000000000000000000, 0.000000000000000000 ) ) ;
#47 = CARTESIAN_POINT ( 'NONE',  ( 1.499917515209770791, 12.49999923706054972, -0.4999999999999956701 ) ) ;
#48 = CARTESIAN_POINT ( 'NONE',  ( -8.248479022771458189E-05, -1.010143247251243555E-20, -4.500000000000000000 ) ) ;
#49 = DIRECTION ( 'NONE',  ( -1.679379397561989085E-32, 1.371322905910519414E-16, 1.000000000000000000 ) ) ;
#50 = CARTESIAN_POINT ( 'NONE',  ( 2.999917515209761465, 13.99999923706054794, -0.4999999999999961142 ) ) ;
#51 = EDGE_CURVE ( 'NONE', #1157, #1315, #1642, .T. ) ;
#52 = FACE_OUTER_BOUND ( 'NONE', #1320, .T. ) ;
#53 = ADVANCED_FACE ( 'NONE', ( #1365 ), #1206, .T. ) ;
#54 = AXIS2_PLACEMENT_3D ( 'NONE', #748, #367, #488 ) ;
#55 = EDGE_CURVE ( 'NONE', #1271, #1482, #185, .T. ) ;
#56 = EDGE_LOOP ( 'NONE', ( #1110, #137, #1708, #466 ) ) ;
#57 = CARTESIAN_POINT ( 'NONE',  ( 1.499917515209766128, 51.50000000000000000, 1.000000000000000000 ) ) ;
#58 = VECTOR ( 'NONE', #712, 1000.000000000000000 ) ;
#59 = ORIENTED_EDGE ( 'NONE', *, *, #1598, .F. ) ;
#60 = DIRECTION ( 'NONE',  ( -1.000000000000000000, 0.000000000000000000, 0.000000000000000000 ) ) ;
#61 = CARTESIAN_POINT ( 'NONE',  ( 36.93109388143621175, 53.00000000000000000, 1.000000000000000000 ) ) ;
#62 = CARTESIAN_POINT ( 'NONE',  ( 38.23064253649662447, 53.00000000000000711, -1.525282078240918882 ) ) ;
#63 = LINE ( 'NONE', #667, #377 ) ;
#64 = DIRECTION ( 'NONE',  ( -1.000000000000000000, 0.000000000000000000, 0.000000000000000000 ) ) ;
#65 = CARTESIAN_POINT ( 'NONE',  ( 36.93109388143621175, 53.00000000000000000, 1.000000000000000000 ) ) ;
#66 = EDGE_CURVE ( 'NONE', #309, #1237, #946, .T. ) ;
#67 = LOCAL_TIME ( 23, 0, 30.00000000000000000, #192 ) ;
#68 = ORIENTED_EDGE ( 'NONE', *, *, #1166, .T. ) ;
#69 = CARTESIAN_POINT ( 'NONE',  ( 1.499917515209766128, 51.50000000000000000, 1.000000000000000000 ) ) ;
#70 = DIRECTION ( 'NONE',  ( 0.000000000000000000, -1.000000000000000000, -0.000000000000000000 ) ) ;
#71 = CARTESIAN_POINT ( 'NONE',  ( 1.499917515209767238, 40.79999923706054688, -0.4999999999999997780 ) ) ;
#72 = CARTESIAN_POINT ( 'NONE',  ( 77.99991751520975924, 53.00000000000000000, 2.500000000000000000 ) ) ;
#73 = AXIS2_PLACEMENT_3D ( 'NONE', #908, #649, #761 ) ;
#74 = ORIENTED_EDGE ( 'NONE', *, *, #884, .F. ) ;
#75 = LINE ( 'NONE', #497, #90 ) ;
#76 = EDGE_CURVE ( 'NONE', #713, #1750, #1281, .T. ) ;
#77 = ORIENTED_EDGE ( 'NONE', *, *, #1274, .T. ) ;
#78 = CARTESIAN_POINT ( 'NONE',  ( 75.00000156960619790, 2.999999463558197021, -4.500000000000000000 ) ) ;
#79 = CARTESIAN_POINT ( 'NONE',  ( -8.248479023271112760E-05, 40.79999923706054688, -0.4999999999999997780 ) ) ;
#80 = AXIS2_PLACEMENT_3D ( 'NONE', #1732, #851, #566 ) ;
#81 = ADVANCED_FACE ( 'NONE', ( #939, #474, #1354 ), #1215, .T. ) ;
#82 = LINE ( 'NONE', #1423, #1895 ) ;
#83 = CARTESIAN_POINT ( 'NONE',  ( 37.37878158261419514, 52.99999999999998579, -1.046519995198086139 ) ) ;
#84 = ORIENTED_EDGE ( 'NONE', *, *, #1192, .F. ) ;
#85 = VERTEX_POINT ( 'NONE', #799 ) ;
#86 = VECTOR ( 'NONE', #747, 1000.000000000000000 ) ;
#87 = DIRECTION ( 'NONE',  ( -1.000000000000000000, 0.000000000000000000, 0.000000000000000000 ) ) ;
#88 = DIRECTION ( 'NONE',  ( -6.474915206878022882E-80, -5.652123658190355883E-64, -1.000000000000000000 ) ) ;
#89 = CIRCLE ( 'NONE', #1344, 1.500000000000000000 ) ;
#90 = VECTOR ( 'NONE', #1075, 1000.000000000000000 ) ;
#91 = ORIENTED_EDGE ( 'NONE', *, *, #1295, .F. ) ;
#92 = CARTESIAN_POINT ( 'NONE',  ( 33.85273329990789648, 51.50000000000000000, 2.500000000000000000 ) ) ;
#93 = ORIENTED_EDGE ( 'NONE', *, *, #1397, .T. ) ;
#94 = ADVANCED_FACE ( 'NONE', ( #1374, #1819, #484 ), #33, .T. ) ;
#95 = CARTESIAN_POINT ( 'NONE',  ( 76.49991751520975924, 51.50000000000000000, 1.000000000000000000 ) ) ;
#96 = EDGE_LOOP ( 'NONE', ( #1437, #452, #876, #1918 ) ) ;
#97 = CARTESIAN_POINT ( 'NONE',  ( 38.50950560690127134, 71.10625739343953455, -0.2000000000000005107 ) ) ;
#98 = ORIENTED_EDGE ( 'NONE', *, *, #600, .T. ) ;
#99 = DIRECTION ( 'NONE',  ( 0.000000000000000000, 0.000000000000000000, 1.000000000000000000 ) ) ;
#100 = CARTESIAN_POINT ( 'NONE',  ( 36.92021319530862655, 52.99253880553106910, 1.170880868878541925 ) ) ;
#101 = CC_DESIGN_SECURITY_CLASSIFICATION ( #1835, ( #809 ) ) ;
#102 = AXIS2_PLACEMENT_3D ( 'NONE', #657, #1231, #1842 ) ;
#103 = ORIENTED_EDGE ( 'NONE', *, *, #1826, .T. ) ;
#104 = EDGE_CURVE ( 'NONE', #1100, #125, #325, .T. ) ;
#105 = ORIENTED_EDGE ( 'NONE', *, *, #1764, .T. ) ;
#106 = FACE_OUTER_BOUND ( 'NONE', #299, .T. ) ;
#107 = CARTESIAN_POINT ( 'NONE',  ( -8.248479022789828639E-05, 1.500000000000001332, 2.500000000000000000 ) ) ;
#108 = VERTEX_POINT ( 'NONE', #344 ) ;
#109 = PLANE ( 'NONE',  #491 ) ;
#110 = PLANE ( 'NONE',  #1599 ) ;
#111 = VECTOR ( 'NONE', #312, 1000.000000000000000 ) ;
#112 = EDGE_LOOP ( 'NONE', ( #421, #1199 ) ) ;
#113 = PRODUCT_DEFINITION_SHAPE ( 'NONE', 'NONE',  #1891 ) ;
#114 = ORIENTED_EDGE ( 'NONE', *, *, #1693, .F. ) ;
#115 = EDGE_CURVE ( 'NONE', #1127, #1600, #1535, .T. ) ;
#116 = EDGE_CURVE ( 'NONE', #1037, #882, #1350, .T. ) ;
#117 = ORIENTED_EDGE ( 'NONE', *, *, #1743, .T. ) ;
#118 = LINE ( 'NONE', #709, #647 ) ;
#119 = AXIS2_PLACEMENT_3D ( 'NONE', #480, #200, #640 ) ;
#120 = CARTESIAN_POINT ( 'NONE',  ( 2.999917515209764129, 39.29999923706054688, -0.4999999999999995559 ) ) ;
#121 = AXIS2_PLACEMENT_3D ( 'NONE', #69, #1689, #1839 ) ;
#122 = VERTEX_POINT ( 'NONE', #1065 ) ;
#123 = ORIENTED_EDGE ( 'NONE', *, *, #1254, .T. ) ;
#124 = EDGE_CURVE ( 'NONE', #246, #1605, #1668, .T. ) ;
#125 = VERTEX_POINT ( 'NONE', #1510 ) ;
#126 = DIRECTION ( 'NONE',  ( -0.000000000000000000, -0.000000000000000000, 1.000000000000000000 ) ) ;
#127 = CARTESIAN_POINT ( 'NONE',  ( 4.199917515209772745, 4.457733232678806930E-16, -0.4999999999999941713 ) ) ;
#128 = AXIS2_PLACEMENT_3D ( 'NONE', #554, #256, #886 ) ;
#129 = ORIENTED_EDGE ( 'NONE', *, *, #602, .T. ) ;
#130 = ORIENTED_EDGE ( 'NONE', *, *, #801, .T. ) ;
#131 = AXIS2_PLACEMENT_3D ( 'NONE', #171, #23, #42 ) ;
#132 = EDGE_LOOP ( 'NONE', ( #2, #1782, #572, #255 ) ) ;
#133 = DIRECTION ( 'NONE',  ( -1.000000000000000000, 0.000000000000000000, 0.000000000000000000 ) ) ;
#134 = LINE ( 'NONE', #724, #1434 ) ;
#135 = EDGE_CURVE ( 'NONE', #899, #1083, #514, .T. ) ;
#136 = CARTESIAN_POINT ( 'NONE',  ( 38.50950560690127134, 71.10625739343953455, -1.700000000000000622 ) ) ;
#137 = ORIENTED_EDGE ( 'NONE', *, *, #1074, .T. ) ;
#138 = EDGE_CURVE ( 'NONE', #35, #1108, #1460, .T. ) ;
#139 = ADVANCED_FACE ( 'NONE', ( #52 ), #1224, .T. ) ;
#140 = DIRECTION ( 'NONE',  ( 0.000000000000000000, 0.000000000000000000, -1.000000000000000000 ) ) ;
#141 = ORIENTED_EDGE ( 'NONE', *, *, #602, .F. ) ;
#142 = ORIENTED_EDGE ( 'NONE', *, *, #764, .F. ) ;
#143 = ORIENTED_EDGE ( 'NONE', *, *, #627, .T. ) ;
#144 = FACE_OUTER_BOUND ( 'NONE', #550, .T. ) ;
#145 = DIRECTION ( 'NONE',  ( 6.921827078892938531E-80, -5.652123658190355883E-64, -1.000000000000000000 ) ) ;
#146 = AXIS2_PLACEMENT_3D ( 'NONE', #565, #992, #260 ) ;
#147 = CARTESIAN_POINT ( 'NONE',  ( 70.75736141892868147, 2.999999999999995559, 0.000000000000000000 ) ) ;
#148 = ORIENTED_EDGE ( 'NONE', *, *, #1066, .T. ) ;
#149 = CARTESIAN_POINT ( 'NONE',  ( 74.99991751520975924, 22.50000000000000000, -4.500000000000000000 ) ) ;
#150 = CIRCLE ( 'NONE', #523, 13.25000000000000533 ) ;
#151 = VECTOR ( 'NONE', #27, 1000.000000000000000 ) ;
#152 = CARTESIAN_POINT ( 'NONE',  ( 36.93109388143621175, 53.00000000000000000, 1.000000000000000000 ) ) ;
#153 = EDGE_CURVE ( 'NONE', #898, #1024, #504, .T. ) ;
#154 = PERSON_AND_ORGANIZATION ( #1084, #1050 ) ;
#155 = CARTESIAN_POINT ( 'NONE',  ( 41.39926913585399859, 53.00000000000000000, -1.343532771954059069 ) ) ;
#156 = ORIENTED_EDGE ( 'NONE', *, *, #1868, .T. ) ;
#157 = VERTEX_POINT ( 'NONE', #1195 ) ;
#158 = ORIENTED_EDGE ( 'NONE', *, *, #1848, .T. ) ;
#159 = DIRECTION ( 'NONE',  ( -1.036299969715081144E-32, 8.462065736472229849E-17, 1.000000000000000000 ) ) ;
#160 = CARTESIAN_POINT ( 'NONE',  ( 3.000001308192072891, 2.999999463558197021, -4.500000000000000000 ) ) ;
#161 = ORIENTED_EDGE ( 'NONE', *, *, #1806, .F. ) ;
#162 = DIRECTION ( 'NONE',  ( -0.000000000000000000, 0.000000000000000000, 1.000000000000000000 ) ) ;
#163 = DIRECTION ( 'NONE',  ( -0.000000000000000000, -0.000000000000000000, 1.000000000000000000 ) ) ;
#164 = ADVANCED_FACE ( 'NONE', ( #1659 ), #1401, .T. ) ;
#165 = ORIENTED_EDGE ( 'NONE', *, *, #278, .F. ) ;
#166 = ORIENTED_EDGE ( 'NONE', *, *, #995, .T. ) ;
#167 = CARTESIAN_POINT ( 'NONE',  ( 77.99991751520975924, 51.50000000000000000, 2.500000000000000000 ) ) ;
#168 = CARTESIAN_POINT ( 'NONE',  ( 70.75736141892868147, 2.999999999999991562, -4.500000000000000000 ) ) ;
#169 = CARTESIAN_POINT ( 'NONE',  ( 35.99991751520977346, 62.69999999999997442, -0.2000000000000005107 ) ) ;
#170 = COORDINATED_UNIVERSAL_TIME_OFFSET ( 8, 0, .AHEAD. ) ;
#171 = CARTESIAN_POINT ( 'NONE',  ( 35.99991751520977346, 62.69999999999997442, -0.2000000000000005107 ) ) ;
#172 = ORIENTED_EDGE ( 'NONE', *, *, #823, .F. ) ;
#173 = AXIS2_PLACEMENT_3D ( 'NONE', #468, #159, #187 ) ;
#174 = ORIENTED_EDGE ( 'NONE', *, *, #567, .T. ) ;
#175 = EDGE_CURVE ( 'NONE', #899, #1630, #82, .T. ) ;
#176 = CARTESIAN_POINT ( 'NONE',  ( 76.49991751520975924, 51.50000000000000000, 2.500000000000000000 ) ) ;
#177 = DIRECTION ( 'NONE',  ( -0.000000000000000000, -0.000000000000000000, 1.000000000000000000 ) ) ;
#178 = DIRECTION ( 'NONE',  ( 0.000000000000000000, 0.000000000000000000, -1.000000000000000000 ) ) ;
#179 = DIRECTION ( 'NONE',  ( 0.000000000000000000, 0.000000000000000000, 1.000000000000000000 ) ) ;
#180 = AXIS2_PLACEMENT_3D ( 'NONE', #1710, #510, #60 ) ;
#181 = PERSON_AND_ORGANIZATION ( #1084, #1050 ) ;
#182 = VECTOR ( 'NONE', #1033, 1000.000000000000000 ) ;
#183 = AXIS2_PLACEMENT_3D ( 'NONE', #186, #1834, #348 ) ;
#184 = DIRECTION ( 'NONE',  ( -0.000000000000000000, -0.000000000000000000, 1.000000000000000000 ) ) ;
#185 = LINE ( 'NONE', #43, #1705 ) ;
#186 = CARTESIAN_POINT ( 'NONE',  ( 76.49991751520975924, 1.500000000000000000, 1.000000000000000000 ) ) ;
#187 = DIRECTION ( 'NONE',  ( 0.000000000000000000, -1.000000000000000000, 0.000000000000000000 ) ) ;
#188 = ADVANCED_FACE ( 'NONE', ( #824 ), #1807, .T. ) ;
#189 = CYLINDRICAL_SURFACE ( 'NONE', #1185, 11.62499999999999645 ) ;
#190 = LINE ( 'NONE', #739, #1787 ) ;
#191 = FACE_OUTER_BOUND ( 'NONE', #1494, .T. ) ;
#192 = COORDINATED_UNIVERSAL_TIME_OFFSET ( 8, 0, .AHEAD. ) ;
#193 = CARTESIAN_POINT ( 'NONE',  ( 74.99991751520975924, 0.000000000000000000, -4.500000000000000000 ) ) ;
#194 = CARTESIAN_POINT ( 'NONE',  ( 5.121320729434794217, 5.121320729434763130, -4.500000000000000000 ) ) ;
#195 = ORIENTED_EDGE ( 'NONE', *, *, #1910, .F. ) ;
#196 = CIRCLE ( 'NONE', #1531, 1.450000000000000178 ) ;
#197 = DIRECTION ( 'NONE',  ( -0.7071067811865495711, -0.7071067811865455743, 0.000000000000000000 ) ) ;
#198 = CARTESIAN_POINT ( 'NONE',  ( 39.55753812924484691, 53.22060336484472742, -1.700000000000000622 ) ) ;
#199 = CC_DESIGN_PERSON_AND_ORGANIZATION_ASSIGNMENT ( #9, #1034, ( #1891 ) ) ;
#200 = DIRECTION ( 'NONE',  ( 0.7071067811865453523, -0.7071067811865496822, 0.000000000000000000 ) ) ;
#201 = CC_DESIGN_PERSON_AND_ORGANIZATION_ASSIGNMENT ( #154, #1212, ( #809 ) ) ;
#202 = ADVANCED_FACE ( 'NONE', ( #780 ), #1364, .F. ) ;
#203 = CARTESIAN_POINT ( 'NONE',  ( 74.99991751520975924, 0.000000000000000000, -0.5000000000000013323 ) ) ;
#204 = AXIS2_PLACEMENT_3D ( 'NONE', #1474, #1029, #1790 ) ;
#205 = DIRECTION ( 'NONE',  ( -1.000000000000000000, 0.000000000000000000, 0.000000000000000000 ) ) ;
#206 = ORIENTED_EDGE ( 'NONE', *, *, #642, .T. ) ;
#207 = DIRECTION ( 'NONE',  ( 0.000000000000000000, 0.000000000000000000, 1.000000000000000000 ) ) ;
#208 = CARTESIAN_POINT ( 'NONE',  ( 33.87868070946412757, -33.87868070946433363, -0.000000000000000000 ) ) ;
#209 = PLANE ( 'NONE',  #1056 ) ;
#210 = EDGE_CURVE ( 'NONE', #241, #970, #540, .T. ) ;
#211 = CARTESIAN_POINT ( 'NONE',  ( 76.49991751520975924, 51.50000000000000000, -4.499999999999999112 ) ) ;
#212 = AXIS2_PLACEMENT_3D ( 'NONE', #842, #126, #1431 ) ;
#213 = EDGE_LOOP ( 'NONE', ( #206, #1286, #347, #816 ) ) ;
#214 = CARTESIAN_POINT ( 'NONE',  ( 76.49991751520975924, -3.272410799359987386E-32, 2.500000000000000000 ) ) ;
#215 = VECTOR ( 'NONE', #643, 1000.000000000000114 ) ;
#216 = ORIENTED_EDGE ( 'NONE', *, *, #672, .T. ) ;
#217 = DIRECTION ( 'NONE',  ( -1.000000000000000000, 0.000000000000000000, 0.000000000000000000 ) ) ;
#218 = DIRECTION ( 'NONE',  ( -1.000000000000000000, 0.000000000000000000, 0.000000000000000000 ) ) ;
#219 = DIRECTION ( 'NONE',  ( 0.000000000000000000, 0.000000000000000000, -1.000000000000000000 ) ) ;
#220 = EDGE_CURVE ( 'NONE', #1455, #1104, #482, .T. ) ;
#221 = ORIENTED_EDGE ( 'NONE', *, *, #1, .F. ) ;
#222 = DIRECTION ( 'NONE',  ( 0.000000000000000000, -0.000000000000000000, -1.000000000000000000 ) ) ;
#223 = EDGE_CURVE ( 'NONE', #85, #35, #1534, .T. ) ;
#224 = VERTEX_POINT ( 'NONE', #1081 ) ;
#225 = FACE_OUTER_BOUND ( 'NONE', #834, .T. ) ;
#226 = CARTESIAN_POINT ( 'NONE',  ( 76.45000156960618654, 2.999999463558197021, -4.500000000000000000 ) ) ;
#227 = VERTEX_POINT ( 'NONE', #632 ) ;
#228 = VECTOR ( 'NONE', #184, 1000.000000000000000 ) ;
#229 = ORIENTED_EDGE ( 'NONE', *, *, #104, .T. ) ;
#230 = ORIENTED_EDGE ( 'NONE', *, *, #1791, .T. ) ;
#231 = EDGE_CURVE ( 'NONE', #496, #988, #938, .T. ) ;
#232 = ORIENTED_EDGE ( 'NONE', *, *, #254, .T. ) ;
#233 = CARTESIAN_POINT ( 'NONE',  ( 76.49991751520975924, 22.50000000000000000, 0.000000000000000000 ) ) ;
#234 = VERTEX_POINT ( 'NONE', #1525 ) ;
#235 = DIRECTION ( 'NONE',  ( -1.000000000000000000, 0.000000000000000000, 0.000000000000000000 ) ) ;
#236 = ORIENTED_EDGE ( 'NONE', *, *, #974, .F. ) ;
#237 = CIRCLE ( 'NONE', #146, 1.500000000000000000 ) ;
#238 = DIRECTION ( 'NONE',  ( 0.000000000000000000, 0.000000000000000000, 1.000000000000000000 ) ) ;
#239 = AXIS2_PLACEMENT_3D ( 'NONE', #8, #1043, #1648 ) ;
#240 = VECTOR ( 'NONE', #1820, 1000.000000000000000 ) ;
#241 = VERTEX_POINT ( 'NONE', #10 ) ;
#242 = DIRECTION ( 'NONE',  ( 0.000000000000000000, 1.000000000000000000, -0.000000000000000000 ) ) ;
#243 = DIRECTION ( 'NONE',  ( 1.679379397561989085E-32, -1.371322905910519414E-16, -1.000000000000000000 ) ) ;
#244 = ADVANCED_FACE ( 'NONE', ( #1052 ), #209, .F. ) ;
#245 = ORIENTED_EDGE ( 'NONE', *, *, #920, .T. ) ;
#246 = VERTEX_POINT ( 'NONE', #50 ) ;
#247 = DIRECTION ( 'NONE',  ( 1.000000000000000000, 0.000000000000000000, 0.000000000000000000 ) ) ;
#248 = B_SPLINE_CURVE_WITH_KNOTS ( 'NONE', 3,
 ( #1149, #833, #1011, #251, #1441, #388, #977, #1422, #1875, #1890, #986, #1884, #1742, #710 ),
 .UNSPECIFIED., .F., .F.,
 ( 4, 2, 2, 2, 2, 2, 4 ),
 ( 0.000000000000000000, 0.001061512741100124543, 0.002123025482200249087, 0.002653781852750316129, 0.003184538223300383171, 0.003715294593850449779, 0.004246050964400516388 ),
 .UNSPECIFIED. ) ;
#249 = ORIENTED_EDGE ( 'NONE', *, *, #1077, .T. ) ;
#250 = DIRECTION ( 'NONE',  ( 1.000000000000000000, 0.000000000000000000, 0.000000000000000000 ) ) ;
#251 = CARTESIAN_POINT ( 'NONE',  ( 40.45411709527399324, 51.95639083252576995, 2.434632380674053298 ) ) ;
#252 = ORIENTED_EDGE ( 'NONE', *, *, #1693, .T. ) ;
#253 = EDGE_CURVE ( 'NONE', #733, #1278, #477, .T. ) ;
#254 = EDGE_CURVE ( 'NONE', #263, #309, #641, .T. ) ;
#255 = ORIENTED_EDGE ( 'NONE', *, *, #1397, .F. ) ;
#256 = DIRECTION ( 'NONE',  ( 0.7071067811865505703, 0.7071067811865444641, 0.000000000000000000 ) ) ;
#257 = LINE ( 'NONE', #1601, #1436 ) ;
#258 = ORIENTED_EDGE ( 'NONE', *, *, #1203, .T. ) ;
#259 = ORIENTED_EDGE ( 'NONE', *, *, #430, .F. ) ;
#260 = DIRECTION ( 'NONE',  ( -1.000000000000000000, 0.000000000000000000, 0.000000000000000000 ) ) ;
#261 = LINE ( 'NONE', #549, #606 ) ;
#262 = CIRCLE ( 'NONE', #546, 1.500000000000000000 ) ;
#263 = VERTEX_POINT ( 'NONE', #1044 ) ;
#264 = ADVANCED_FACE ( 'NONE', ( #979 ), #1580, .F. ) ;
#265 = ORIENTED_EDGE ( 'NONE', *, *, #1910, .T. ) ;
#266 = CIRCLE ( 'NONE', #1279, 1.450000000000006839 ) ;
#267 = EDGE_LOOP ( 'NONE', ( #1878, #1845, #298, #1167 ) ) ;
#268 = DIRECTION ( 'NONE',  ( 0.000000000000000000, 0.000000000000000000, -1.000000000000000000 ) ) ;
#269 = AXIS2_PLACEMENT_3D ( 'NONE', #333, #1523, #786 ) ;
#270 = CARTESIAN_POINT ( 'NONE',  ( 35.11901156527240886, 51.97842127413815660, 2.427853278442870799 ) ) ;
#271 = TOROIDAL_SURFACE ( 'NONE', #1414, 13.25000000000000355, 1.500000000000000000 ) ;
#272 = VERTEX_POINT ( 'NONE', #531 ) ;
#273 = VECTOR ( 'NONE', #1342, 1000.000000000000000 ) ;
#274 = DIRECTION ( 'NONE',  ( 1.224641432081239159E-16, -1.000000000000000000, 1.371322905910519414E-16 ) ) ;
#275 = DIRECTION ( 'NONE',  ( -0.000000000000000000, -1.000000000000000000, -0.000000000000000000 ) ) ;
#276 = EDGE_CURVE ( 'NONE', #1709, #1100, #1467, .T. ) ;
#277 = ORIENTED_EDGE ( 'NONE', *, *, #253, .T. ) ;
#278 = EDGE_CURVE ( 'NONE', #1083, #263, #674, .T. ) ;
#279 = CARTESIAN_POINT ( 'NONE',  ( 70.75736141892868147, 2.999999999999991562, -4.500000000000000000 ) ) ;
#280 = DIRECTION ( 'NONE',  ( -1.036299969715081144E-32, 8.462065736472229849E-17, 1.000000000000000000 ) ) ;
#281 = ORIENTED_EDGE ( 'NONE', *, *, #1791, .F. ) ;
#282 = TOROIDAL_SURFACE ( 'NONE', #903, 13.25000000000000355, 1.500000000000000000 ) ;
#283 = DIRECTION ( 'NONE',  ( 0.000000000000000000, -0.000000000000000000, -1.000000000000000000 ) ) ;
#284 = ORIENTED_EDGE ( 'NONE', *, *, #470, .T. ) ;
#285 = EDGE_LOOP ( 'NONE', ( #750, #236, #1503, #1861 ) ) ;
#286 = VECTOR ( 'NONE', #401, 1000.000000000000000 ) ;
#287 = VERTEX_POINT ( 'NONE', #952 ) ;
#288 = CYLINDRICAL_SURFACE ( 'NONE', #1069, 1.500000000000000000 ) ;
#289 = FACE_OUTER_BOUND ( 'NONE', #1120, .T. ) ;
#290 = EDGE_CURVE ( 'NONE', #3, #1585, #1626, .T. ) ;
#291 = CARTESIAN_POINT ( 'NONE',  ( 77.99991751520975924, 53.00000000000000000, 1.000000000000000000 ) ) ;
#292 = ORIENTED_EDGE ( 'NONE', *, *, #868, .F. ) ;
#293 = DIRECTION ( 'NONE',  ( 1.000000000000000000, 0.000000000000000000, 0.000000000000000000 ) ) ;
#294 = VECTOR ( 'NONE', #372, 1000.000000000000000 ) ;
#295 = FACE_OUTER_BOUND ( 'NONE', #1147, .T. ) ;
#296 = CARTESIAN_POINT ( 'NONE',  ( 76.49991751520975924, 51.50000000000000000, 1.000000000000000000 ) ) ;
#297 = LINE ( 'NONE', #1287, #1809 ) ;
#298 = ORIENTED_EDGE ( 'NONE', *, *, #1086, .F. ) ;
#299 = EDGE_LOOP ( 'NONE', ( #1269, #1873, #1450, #130 ) ) ;
#300 = ORIENTED_EDGE ( 'NONE', *, *, #1729, .F. ) ;
#301 = CARTESIAN_POINT ( 'NONE',  ( -8.248479023402148079E-05, 51.50000000000000000, 2.500000000000000000 ) ) ;
#302 = DIRECTION ( 'NONE',  ( -1.000000000000000000, 0.000000000000000000, 0.000000000000000000 ) ) ;
#303 = CIRCLE ( 'NONE', #121, 1.500000000000000000 ) ;
#304 = DIRECTION ( 'NONE',  ( -0.000000000000000000, -0.000000000000000000, 1.000000000000000000 ) ) ;
#305 = ORIENTED_EDGE ( 'NONE', *, *, #1262, .T. ) ;
#306 = EDGE_CURVE ( 'NONE', #1128, #683, #798, .T. ) ;
#307 = AXIS2_PLACEMENT_3D ( 'NONE', #478, #304, #435 ) ;
#308 = CARTESIAN_POINT ( 'NONE',  ( -8.248479022789828639E-05, 1.499999999999999778, -4.500000000000000000 ) ) ;
#309 = VERTEX_POINT ( 'NONE', #1590 ) ;
#310 = ORIENTED_EDGE ( 'NONE', *, *, #1857, .F. ) ;
#311 = DIRECTION ( 'NONE',  ( -1.145572106777136737E-16, -1.000000000000000000, 0.000000000000000000 ) ) ;
#312 = DIRECTION ( 'NONE',  ( -1.000000000000000000, 0.000000000000000000, 0.000000000000000000 ) ) ;
#313 = FACE_OUTER_BOUND ( 'NONE', #489, .T. ) ;
#314 = FACE_OUTER_BOUND ( 'NONE', #1921, .T. ) ;
#315 = CARTESIAN_POINT ( 'NONE',  ( 77.99991751520975924, 20.99999999999999645, -0.5000000000000014433 ) ) ;
#316 = COORDINATED_UNIVERSAL_TIME_OFFSET ( 8, 0, .AHEAD. ) ;
#317 = AXIS2_PLACEMENT_3D ( 'NONE', #679, #1428, #247 ) ;
#318 = EDGE_LOOP ( 'NONE', ( #1158, #156 ) ) ;
#319 = ORIENTED_EDGE ( 'NONE', *, *, #1426, .T. ) ;
#320 = FACE_OUTER_BOUND ( 'NONE', #285, .T. ) ;
#321 = CARTESIAN_POINT ( 'NONE',  ( 4.450005272347671514, 50.00000263666979095, 2.499999999999999556 ) ) ;
#322 = VECTOR ( 'NONE', #1677, 1000.000000000000000 ) ;
#323 = CARTESIAN_POINT ( 'NONE',  ( 77.99991751520975924, 1.500000000000001332, 1.000000000000000000 ) ) ;
#324 = CALENDAR_DATE ( 2026, 25, 4 ) ;
#325 = LINE ( 'NONE', #634, #273 ) ;
#326 = VECTOR ( 'NONE', #351, 1000.000000000000000 ) ;
#327 = EDGE_CURVE ( 'NONE', #1278, #157, #63, .T. ) ;
#328 = ORIENTED_EDGE ( 'NONE', *, *, #1453, .F. ) ;
#329 = DIRECTION ( 'NONE',  ( -0.000000000000000000, 0.000000000000000000, 1.000000000000000000 ) ) ;
#330 = CYLINDRICAL_SURFACE ( 'NONE', #45, 1.449999999999999956 ) ;
#331 = CARTESIAN_POINT ( 'NONE',  ( 1.550005272347671381, 50.00000263666979095, -4.500000000000000000 ) ) ;
#332 = VECTOR ( 'NONE', #1767, 1000.000000000000000 ) ;
#333 = CARTESIAN_POINT ( 'NONE',  ( 1.499917515209770791, 12.49999923706054972, -4.499999999999999112 ) ) ;
#334 = AXIS2_PLACEMENT_3D ( 'NONE', #1783, #283, #1340 ) ;
#335 = AXIS2_PLACEMENT_3D ( 'NONE', #1543, #222, #507 ) ;
#336 = DIRECTION ( 'NONE',  ( 0.7071067811865454633, -0.7071067811865496822, 0.000000000000000000 ) ) ;
#337 = ADVANCED_FACE ( 'NONE', ( #1099 ), #513, .F. ) ;
#338 = DIRECTION ( 'NONE',  ( 1.000000000000000000, 0.000000000000000000, 0.000000000000000000 ) ) ;
#339 = DIRECTION ( 'NONE',  ( -0.000000000000000000, 0.000000000000000000, 1.000000000000000000 ) ) ;
#340 = ADVANCED_FACE ( 'NONE', ( #1270 ), #1382, .T. ) ;
#341 = CARTESIAN_POINT ( 'NONE',  ( 74.99991751520975924, 7.242556096281049349, 0.000000000000000000 ) ) ;
#342 = CARTESIAN_POINT ( 'NONE',  ( 38.70728478762419655, 53.00000000000001421, -1.651000700635549379 ) ) ;
#343 = APPROVAL_DATE_TIME ( #1656, #883 ) ;
#344 = CARTESIAN_POINT ( 'NONE',  ( 43.54991751520977061, 62.69999999999998863, -1.700000000000000622 ) ) ;
#345 = LOCAL_TIME ( 23, 0, 30.00000000000000000, #1204 ) ;
#346 = VECTOR ( 'NONE', #362, 1000.000000000000000 ) ;
#347 = ORIENTED_EDGE ( 'NONE', *, *, #541, .F. ) ;
#348 = DIRECTION ( 'NONE',  ( 1.000000000000000000, 0.000000000000000000, 0.000000000000000000 ) ) ;
#349 = EDGE_LOOP ( 'NONE', ( #465, #1592, #556, #412 ) ) ;
#350 = LINE ( 'NONE', #1547, #1442 ) ;
#351 = DIRECTION ( 'NONE',  ( 6.921827078892938531E-80, -5.652123658190355883E-64, -1.000000000000000000 ) ) ;
#352 = EDGE_CURVE ( 'NONE', #763, #1472, #534, .T. ) ;
#353 = DIRECTION ( 'NONE',  ( 0.000000000000000000, 1.000000000000000000, -1.445602896647337931E-16 ) ) ;
#354 = CARTESIAN_POINT ( 'NONE',  ( 2.999917515209764129, 45.75727419241260208, -4.500000000000000000 ) ) ;
#355 = DIRECTION ( 'NONE',  ( -1.000000000000000000, 0.000000000000000000, -0.000000000000000000 ) ) ;
#356 = VECTOR ( 'NONE', #177, 1000.000000000000000 ) ;
#357 = LINE ( 'NONE', #65, #659 ) ;
#358 = VERTEX_POINT ( 'NONE', #1695 ) ;
#359 = FACE_OUTER_BOUND ( 'NONE', #591, .T. ) ;
#360 = CARTESIAN_POINT ( 'NONE',  ( 3.000001308192072891, 2.999999463558197021, 2.499999999999999556 ) ) ;
#361 = EDGE_CURVE ( 'NONE', #571, #595, #382, .T. ) ;
#362 = DIRECTION ( 'NONE',  ( 1.224641833315639757E-16, -1.000000000000000000, 0.000000000000000000 ) ) ;
#363 = DIRECTION ( 'NONE',  ( 0.000000000000000000, 0.000000000000000000, -1.000000000000000000 ) ) ;
#364 = AXIS2_PLACEMENT_3D ( 'NONE', #1031, #178, #1189 ) ;
#365 = ORIENTED_EDGE ( 'NONE', *, *, #1373, .T. ) ;
#366 = DIRECTION ( 'NONE',  ( -1.000000000000000000, 0.000000000000000000, 0.000000000000000000 ) ) ;
#367 = DIRECTION ( 'NONE',  ( 0.000000000000000000, 0.000000000000000000, -1.000000000000000000 ) ) ;
#368 = VECTOR ( 'NONE', #874, 1000.000000000000000 ) ;
#369 = CIRCLE ( 'NONE', #651, 1.500000000000001332 ) ;
#370 = VERTEX_POINT ( 'NONE', #374 ) ;
#371 = CARTESIAN_POINT ( 'NONE',  ( 75.00000156960619790, 2.999999463558197021, -4.500000000000000000 ) ) ;
#372 = DIRECTION ( 'NONE',  ( -0.000000000000000000, -0.000000000000000000, 1.000000000000000000 ) ) ;
#373 = FACE_OUTER_BOUND ( 'NONE', #213, .T. ) ;
#374 = CARTESIAN_POINT ( 'NONE',  ( 42.40699368144974812, 53.00000000000000000, -0.2000000000000005107 ) ) ;
#375 = ADVANCED_FACE ( 'NONE', ( #963 ), #1568, .T. ) ;
#376 = ORIENTED_EDGE ( 'NONE', *, *, #485, .T. ) ;
#377 = VECTOR ( 'NONE', #1391, 1000.000000000000000 ) ;
#378 = DIRECTION ( 'NONE',  ( 0.6986883482290631164, 0.7154261611437922053, 0.000000000000000000 ) ) ;
#379 = ORIENTED_EDGE ( 'NONE', *, *, #802, .F. ) ;
#380 = DIRECTION ( 'NONE',  ( 0.000000000000000000, 8.673617379884035472E-16, -1.000000000000000000 ) ) ;
#381 = ORIENTED_EDGE ( 'NONE', *, *, #306, .T. ) ;
#382 = LINE ( 'NONE', #971, #346 ) ;
#383 = VERTEX_POINT ( 'NONE', #1867 ) ;
#384 = ADVANCED_FACE ( 'NONE', ( #854 ), #428, .F. ) ;
#385 = VECTOR ( 'NONE', #1723, 1000.000000000000000 ) ;
#386 = ORIENTED_EDGE ( 'NONE', *, *, #802, .T. ) ;
#387 = FACE_OUTER_BOUND ( 'NONE', #829, .T. ) ;
#388 = CARTESIAN_POINT ( 'NONE',  ( 41.24597494560099875, 52.32457340697565940, 2.256078232694850083 ) ) ;
#389 = ORIENTED_EDGE ( 'NONE', *, *, #51, .F. ) ;
#390 = ORIENTED_EDGE ( 'NONE', *, *, #1806, .T. ) ;
#391 = CIRCLE ( 'NONE', #1249, 1.500000000000000000 ) ;
#392 = CARTESIAN_POINT ( 'NONE',  ( 30.29991751520976706, 62.69999999999998863, -0.2000000000000005107 ) ) ;
#393 = VECTOR ( 'NONE', #1478, 1000.000000000000000 ) ;
#394 = TOROIDAL_SURFACE ( 'NONE', #1007, 10.12499999999999645, 1.500000000000000000 ) ;
#395 = EDGE_CURVE ( 'NONE', #1600, #708, #1641, .T. ) ;
#396 = EDGE_LOOP ( 'NONE', ( #419, #1375 ) ) ;
#397 = SPHERICAL_SURFACE ( 'NONE', #767, 1.500000000000000000 ) ;
#398 = CARTESIAN_POINT ( 'NONE',  ( 39.55753812924487534, 72.17939663515521431, -0.2000000000000005107 ) ) ;
#399 = EDGE_CURVE ( 'NONE', #1838, #496, #1016, .T. ) ;
#400 = ORIENTED_EDGE ( 'NONE', *, *, #953, .T. ) ;
#401 = DIRECTION ( 'NONE',  ( 0.000000000000000000, 0.000000000000000000, -1.000000000000000000 ) ) ;
#402 = ORIENTED_EDGE ( 'NONE', *, *, #764, .T. ) ;
#403 = DIRECTION ( 'NONE',  ( 0.000000000000000000, 0.000000000000000000, 1.000000000000000000 ) ) ;
#404 = CARTESIAN_POINT ( 'NONE',  ( 30.29991751520976706, 62.69999999999998863, 2.500000000000000000 ) ) ;
#405 = ORIENTED_EDGE ( 'NONE', *, *, #953, .F. ) ;
#406 = CARTESIAN_POINT ( 'NONE',  ( -8.248479023271112760E-05, 40.79999923706054688, 2.500000000000000000 ) ) ;
#407 = CARTESIAN_POINT ( 'NONE',  ( 36.84843027815220751, 52.94389922507604496, 1.413595873865000740 ) ) ;
#408 = ORIENTED_EDGE ( 'NONE', *, *, #290, .F. ) ;
#409 = EDGE_CURVE ( 'NONE', #1278, #1838, #369, .T. ) ;
#410 = CARTESIAN_POINT ( 'NONE',  ( 77.99991751520975924, 40.00000000000000000, -4.499999999999999112 ) ) ;
#411 = EDGE_LOOP ( 'NONE', ( #1386, #576, #910, #888 ) ) ;
#412 = ORIENTED_EDGE ( 'NONE', *, *, #1637, .F. ) ;
#413 = ORIENTED_EDGE ( 'NONE', *, *, #1274, .F. ) ;
#414 = DIRECTION ( 'NONE',  ( 1.000000000000000000, 0.000000000000000000, 0.000000000000000000 ) ) ;
#415 = FACE_OUTER_BOUND ( 'NONE', #527, .T. ) ;
#416 = VECTOR ( 'NONE', #585, 1000.000000000000000 ) ;
#417 = ORIENTED_EDGE ( 'NONE', *, *, #1203, .F. ) ;
#418 = EDGE_CURVE ( 'NONE', #1258, #1888, #440, .T. ) ;
#419 = ORIENTED_EDGE ( 'NONE', *, *, #352, .F. ) ;
#420 = ORIENTED_EDGE ( 'NONE', *, *, #1720, .F. ) ;
#421 = ORIENTED_EDGE ( 'NONE', *, *, #138, .T. ) ;
#422 = LINE ( 'NONE', #1495, #1575 ) ;
#423 = AXIS2_PLACEMENT_3D ( 'NONE', #1815, #521, #1211 ) ;
#424 = DIRECTION ( 'NONE',  ( 1.000000000000000000, 0.000000000000000000, 0.000000000000000000 ) ) ;
#425 = VECTOR ( 'NONE', #487, 1000.000000000000000 ) ;
#426 = ORIENTED_EDGE ( 'NONE', *, *, #1216, .T. ) ;
#427 = CARTESIAN_POINT ( 'NONE',  ( 47.62491751520976635, 62.69999999999997442, -1.700000000000000622 ) ) ;
#428 = PLANE ( 'NONE',  #1357 ) ;
#429 = ORIENTED_EDGE ( 'NONE', *, *, #1020, .F. ) ;
#430 = EDGE_CURVE ( 'NONE', #622, #958, #297, .T. ) ;
#431 = ORIENTED_EDGE ( 'NONE', *, *, #115, .T. ) ;
#432 = ORIENTED_EDGE ( 'NONE', *, *, #1826, .F. ) ;
#433 = CARTESIAN_POINT ( 'NONE',  ( 76.49991751520975924, -3.272410799359982460E-32, 1.000000000000000000 ) ) ;
#434 = CARTESIAN_POINT ( 'NONE',  ( 1.499917515209767238, 40.79999923706054688, -4.500000000000000000 ) ) ;
#435 = DIRECTION ( 'NONE',  ( 1.000000000000000000, 0.000000000000000000, 0.000000000000000000 ) ) ;
#436 = ORIENTED_EDGE ( 'NONE', *, *, #220, .F. ) ;
#437 = AXIS2_PLACEMENT_3D ( 'NONE', #1552, #808, #836 ) ;
#438 =( GEOMETRIC_REPRESENTATION_CONTEXT ( 3 ) GLOBAL_UNCERTAINTY_ASSIGNED_CONTEXT ( ( #720 ) ) GLOBAL_UNIT_ASSIGNED_CONTEXT ( ( #1438, #1163, #1772 ) ) REPRESENTATION_CONTEXT ( 'NONE', 'WORKASPACE' ) );
#439 = DIRECTION ( 'NONE',  ( 0.7154261611437922053, -0.6986883482290632275, 3.309510818837607008E-15 ) ) ;
#440 = LINE ( 'NONE', #410, #58 ) ;
#441 = VERTEX_POINT ( 'NONE', #1296 ) ;
#442 = EDGE_CURVE ( 'NONE', #956, #370, #693, .T. ) ;
#443 = ORIENTED_EDGE ( 'NONE', *, *, #630, .F. ) ;
#444 = LINE ( 'NONE', #301, #1905 ) ;
#445 = CARTESIAN_POINT ( 'NONE',  ( 3.000005272347671337, 50.00000263666979095, -4.500000000000000000 ) ) ;
#446 = DIRECTION ( 'NONE',  ( -1.000000000000000000, -2.178842789300671692E-32, -0.000000000000000000 ) ) ;
#447 = EDGE_LOOP ( 'NONE', ( #123, #1579, #328, #1863, #831 ) ) ;
#448 = VECTOR ( 'NONE', #1522, 1000.000000000000000 ) ;
#449 = CARTESIAN_POINT ( 'NONE',  ( 76.49991751520975924, 53.00000000000000000, 2.500000000000000000 ) ) ;
#450 = DATE_AND_TIME ( #1182, #1360 ) ;
#451 = ORIENTED_EDGE ( 'NONE', *, *, #1519, .F. ) ;
#452 = ORIENTED_EDGE ( 'NONE', *, *, #153, .F. ) ;
#453 = CARTESIAN_POINT ( 'NONE',  ( 7.242641458869545801, 2.999999999999999112, -4.500000000000000000 ) ) ;
#454 = LINE ( 'NONE', #776, #111 ) ;
#455 = AXIS2_PLACEMENT_3D ( 'NONE', #1379, #1537, #1846 ) ;
#456 = FACE_OUTER_BOUND ( 'NONE', #56, .T. ) ;
#457 = ORIENTED_EDGE ( 'NONE', *, *, #1319, .T. ) ;
#458 = LINE ( 'NONE', #904, #1230 ) ;
#459 = PRODUCT_RELATED_PRODUCT_CATEGORY ( 'detail', '', ( #1584 ) ) ;
#460 = EDGE_CURVE ( 'NONE', #670, #1271, #1419, .T. ) ;
#461 = DIRECTION ( 'NONE',  ( -0.000000000000000000, 0.000000000000000000, 1.000000000000000000 ) ) ;
#462 = SHAPE_DEFINITION_REPRESENTATION ( #113, #1339 ) ;
#463 = CARTESIAN_POINT ( 'NONE',  ( 74.99991751520975924, 0.000000000000000000, -4.500000000000000000 ) ) ;
#464 = AXIS2_PLACEMENT_3D ( 'NONE', #24, #781, #64 ) ;
#465 = ORIENTED_EDGE ( 'NONE', *, *, #76, .F. ) ;
#466 = ORIENTED_EDGE ( 'NONE', *, *, #223, .F. ) ;
#467 = FACE_OUTER_BOUND ( 'NONE', #411, .T. ) ;
#468 = CARTESIAN_POINT ( 'NONE',  ( 1.499917515209770791, 12.49999923706054972, 2.500000000000003553 ) ) ;
#469 = DIRECTION ( 'NONE',  ( -1.000000000000000000, 0.000000000000000000, 0.000000000000000000 ) ) ;
#470 = EDGE_CURVE ( 'NONE', #898, #1315, #997, .T. ) ;
#471 = APPROVAL_DATE_TIME ( #916, #1018 ) ;
#472 = DIRECTION ( 'NONE',  ( -1.000000000000000000, 0.000000000000000000, 0.000000000000000000 ) ) ;
#473 = CC_DESIGN_APPROVAL ( #1775, ( #1835 ) ) ;
#474 = FACE_BOUND ( 'NONE', #542, .T. ) ;
#475 = LINE ( 'NONE', #1058, #240 ) ;
#476 = FACE_OUTER_BOUND ( 'NONE', #132, .T. ) ;
#477 = CIRCLE ( 'NONE', #131, 11.62499999999999645 ) ;
#478 = CARTESIAN_POINT ( 'NONE',  ( 74.99991751520975924, 49.99999999999999289, -4.500000000000000000 ) ) ;
#479 = CARTESIAN_POINT ( 'NONE',  ( 33.87868070946412757, -33.87868070946433363, -4.500000000000000000 ) ) ;
#480 = CARTESIAN_POINT ( 'NONE',  ( 33.87868070946412757, -33.87868070946433363, -4.500000000000000000 ) ) ;
#481 = CALENDAR_DATE ( 2026, 25, 4 ) ;
#482 = LINE ( 'NONE', #354, #228 ) ;
#483 = EDGE_CURVE ( 'NONE', #358, #44, #257, .T. ) ;
#484 = FACE_BOUND ( 'NONE', #1146, .T. ) ;
#485 = EDGE_CURVE ( 'NONE', #988, #1174, #947, .T. ) ;
#486 = EDGE_CURVE ( 'NONE', #1009, #383, #1429, .T. ) ;
#487 = DIRECTION ( 'NONE',  ( -0.000000000000000000, -0.000000000000000000, 1.000000000000000000 ) ) ;
#488 = DIRECTION ( 'NONE',  ( -1.000000000000000000, 0.000000000000000000, 0.000000000000000000 ) ) ;
#489 = EDGE_LOOP ( 'NONE', ( #1866, #844, #451, #300 ) ) ;
#490 = CARTESIAN_POINT ( 'NONE',  ( 35.99991751520977346, 62.69999999999997442, -1.700000000000000622 ) ) ;
#491 = AXIS2_PLACEMENT_3D ( 'NONE', #861, #1748, #1148 ) ;
#492 = CARTESIAN_POINT ( 'NONE',  ( 73.54991751520975640, 49.99999999999999289, 2.499999999999999556 ) ) ;
#493 = AXIS2_PLACEMENT_3D ( 'NONE', #1822, #1097, #1841 ) ;
#494 = AXIS2_PLACEMENT_3D ( 'NONE', #1915, #1028, #592 ) ;
#495 = CARTESIAN_POINT ( 'NONE',  ( 74.99991751520975924, 49.99999999999999289, 2.499999999999999556 ) ) ;
#496 = VERTEX_POINT ( 'NONE', #1507 ) ;
#497 = CARTESIAN_POINT ( 'NONE',  ( 77.99991751520975924, 1.500000000000000000, 2.500000000000000000 ) ) ;
#498 = ADVANCED_FACE ( 'NONE', ( #626 ), #964, .T. ) ;
#499 = MANIFOLD_SOLID_BREP ( 'Ô²½Ç2', #1190 ) ;
#500 = DIRECTION ( 'NONE',  ( -0.000000000000000000, -0.000000000000000000, 1.000000000000000000 ) ) ;
#501 = LINE ( 'NONE', #48, #1724 ) ;
#502 = CARTESIAN_POINT ( 'NONE',  ( 73.54991751520975640, 49.99999999999999289, -4.500000000000000000 ) ) ;
#503 = CARTESIAN_POINT ( 'NONE',  ( 76.44991751520977630, 49.99999999999999289, -4.500000000000000000 ) ) ;
#504 = LINE ( 'NONE', #1526, #1289 ) ;
#505 = LOCAL_TIME ( 23, 0, 30.00000000000000000, #316 ) ;
#506 = ORIENTED_EDGE ( 'NONE', *, *, #965, .F. ) ;
#507 = DIRECTION ( 'NONE',  ( 1.000000000000000000, 0.000000000000000000, 0.000000000000000000 ) ) ;
#508 = EDGE_CURVE ( 'NONE', #272, #970, #458, .T. ) ;
#509 = VERTEX_POINT ( 'NONE', #927 ) ;
#510 = DIRECTION ( 'NONE',  ( 0.000000000000000000, 0.000000000000000000, -1.000000000000000000 ) ) ;
#511 = CARTESIAN_POINT ( 'NONE',  ( 1.499917515209772123, 1.500000000000000000, 2.500000000000000000 ) ) ;
#512 = CARTESIAN_POINT ( 'NONE',  ( -21.37867833860142852, 21.37867833860155287, -4.500000000000000000 ) ) ;
#513 = PLANE ( 'NONE',  #1529 ) ;
#514 = LINE ( 'NONE', #203, #1655 ) ;
#515 = ORIENTED_EDGE ( 'NONE', *, *, #124, .T. ) ;
#516 = CIRCLE ( 'NONE', #575, 1.499999999999996891 ) ;
#517 = CARTESIAN_POINT ( 'NONE',  ( 76.49991751520975924, 51.50000000000000000, 1.000000000000000000 ) ) ;
#518 = ORIENTED_EDGE ( 'NONE', *, *, #1226, .T. ) ;
#519 = CARTESIAN_POINT ( 'NONE',  ( 76.49991751520975924, 40.00000000000000000, -0.5000000000000013323 ) ) ;
#520 = LINE ( 'NONE', #1093, #1178 ) ;
#521 = DIRECTION ( 'NONE',  ( -0.000000000000000000, 0.000000000000000000, 1.000000000000000000 ) ) ;
#522 = AXIS2_PLACEMENT_3D ( 'NONE', #1129, #537, #1889 ) ;
#523 = AXIS2_PLACEMENT_3D ( 'NONE', #1040, #1060, #1814 ) ;
#524 = CIRCLE ( 'NONE', #1221, 1.500000000000000000 ) ;
#525 = ORIENTED_EDGE ( 'NONE', *, *, #276, .T. ) ;
#526 = PLANE ( 'NONE',  #128 ) ;
#527 = EDGE_LOOP ( 'NONE', ( #865, #515, #457, #259, #249, #561 ) ) ;
#528 = FACE_OUTER_BOUND ( 'NONE', #1458, .T. ) ;
#529 = CARTESIAN_POINT ( 'NONE',  ( 76.49991751520975924, 1.500000000000001332, 1.000000000000000000 ) ) ;
#530 = ORIENTED_EDGE ( 'NONE', *, *, #352, .T. ) ;
#531 = CARTESIAN_POINT ( 'NONE',  ( 4.450001308192073068, 2.999999463558197021, 2.499999999999999556 ) ) ;
#532 = ADVANCED_FACE ( 'NONE', ( #314 ), #1316, .T. ) ;
#533 = VERTEX_POINT ( 'NONE', #1338 ) ;
#534 = CIRCLE ( 'NONE', #1457, 1.449999999999999956 ) ;
#535 = DIRECTION ( 'NONE',  ( -0.000000000000000000, -0.000000000000000000, 1.000000000000000000 ) ) ;
#536 = VERTEX_POINT ( 'NONE', #1351 ) ;
#537 = DIRECTION ( 'NONE',  ( -0.000000000000000000, 0.000000000000000000, 1.000000000000000000 ) ) ;
#538 = DIRECTION ( 'NONE',  ( -0.9362367047066908476, 0.3513699371886510048, 4.330964775268965677E-15 ) ) ;
#539 = ORIENTED_EDGE ( 'NONE', *, *, #974, .T. ) ;
#540 = CIRCLE ( 'NONE', #873, 1.450000000000000178 ) ;
#541 = EDGE_CURVE ( 'NONE', #1651, #774, #18, .T. ) ;
#542 = EDGE_LOOP ( 'NONE', ( #141, #1725 ) ) ;
#543 = DIRECTION ( 'NONE',  ( -0.000000000000000000, 0.000000000000000000, 1.000000000000000000 ) ) ;
#544 = CC_DESIGN_DATE_AND_TIME_ASSIGNMENT ( #937, #1341, ( #1891 ) ) ;
#545 = ADVANCED_FACE ( 'NONE', ( #1201 ), #639, .F. ) ;
#546 = AXIS2_PLACEMENT_3D ( 'NONE', #529, #1103, #380 ) ;
#547 = ORIENTED_EDGE ( 'NONE', *, *, #1764, .F. ) ;
#548 = CARTESIAN_POINT ( 'NONE',  ( 1.499917515209767238, 39.29999923706054688, -0.4999999999999995559 ) ) ;
#549 = CARTESIAN_POINT ( 'NONE',  ( 2.999917515209759689, -3.436621828056477555E-16, -4.500000000000000000 ) ) ;
#550 = EDGE_LOOP ( 'NONE', ( #77, #1180, #547, #1687 ) ) ;
#551 = DIRECTION ( 'NONE',  ( 0.000000000000000000, 0.000000000000000000, -1.000000000000000000 ) ) ;
#552 = ORIENTED_EDGE ( 'NONE', *, *, #740, .F. ) ;
#553 = CIRCLE ( 'NONE', #1411, 1.500000000000001332 ) ;
#554 = CARTESIAN_POINT ( 'NONE',  ( 60.37863841404554677, 60.37863841404503518, -4.500000000000000000 ) ) ;
#555 = EDGE_CURVE ( 'NONE', #899, #683, #1665, .T. ) ;
#556 = ORIENTED_EDGE ( 'NONE', *, *, #1778, .F. ) ;
#557 = LINE ( 'NONE', #233, #1733 ) ;
#558 = B_SPLINE_CURVE_WITH_KNOTS ( 'NONE', 3,
 ( #797, #1685, #1561, #1540, #1704, #961, #83, #951, #1832, #1202, #62, #342, #1080, #1549 ),
 .UNSPECIFIED., .F., .F.,
 ( 4, 2, 2, 2, 2, 2, 4 ),
 ( 0.000000000000000000, 0.0003688913085667669617, 0.0007377826171335339234, 0.001106673925700300994, 0.001475565234267067847, 0.002213347851400620202, 0.002951130468534172557 ),
 .UNSPECIFIED. ) ;
#559 = CARTESIAN_POINT ( 'NONE',  ( 76.49991751520975924, 38.50000000000000000, -0.5000000000000013323 ) ) ;
#560 = AXIS2_PLACEMENT_3D ( 'NONE', #211, #658, #1696 ) ;
#561 = ORIENTED_EDGE ( 'NONE', *, *, #1226, .F. ) ;
#562 = DIRECTION ( 'NONE',  ( -0.000000000000000000, -0.000000000000000000, 1.000000000000000000 ) ) ;
#563 = ORIENTED_EDGE ( 'NONE', *, *, #823, .T. ) ;
#564 = ORIENTED_EDGE ( 'NONE', *, *, #395, .F. ) ;
#565 = CARTESIAN_POINT ( 'NONE',  ( 1.499917515209766128, 51.50000000000000000, -4.499999999999999112 ) ) ;
#566 = DIRECTION ( 'NONE',  ( -1.000000000000000000, 0.000000000000000000, 0.000000000000000000 ) ) ;
#567 = EDGE_CURVE ( 'NONE', #1709, #713, #190, .T. ) ;
#568 = ORIENTED_EDGE ( 'NONE', *, *, #1074, .F. ) ;
#569 = ADVANCED_FACE ( 'NONE', ( #822 ), #1410, .F. ) ;
#570 = VERTEX_POINT ( 'NONE', #934 ) ;
#571 = VERTEX_POINT ( 'NONE', #814 ) ;
#572 = ORIENTED_EDGE ( 'NONE', *, *, #1119, .F. ) ;
#573 = FACE_OUTER_BOUND ( 'NONE', #762, .T. ) ;
#574 = CARTESIAN_POINT ( 'NONE',  ( 47.62491751520976635, 62.69999999999997442, -0.2000000000000005107 ) ) ;
#575 = AXIS2_PLACEMENT_3D ( 'NONE', #398, #538, #702 ) ;
#576 = ORIENTED_EDGE ( 'NONE', *, *, #1881, .F. ) ;
#577 = EDGE_CURVE ( 'NONE', #1009, #536, #501, .T. ) ;
#578 = CARTESIAN_POINT ( 'NONE',  ( 42.19192833627613481, 52.99999999999999289, -0.7994279937622017496 ) ) ;
#579 = DIRECTION ( 'NONE',  ( 0.000000000000000000, -1.000000000000000000, 0.000000000000000000 ) ) ;
#580 = VECTOR ( 'NONE', #594, 1000.000000000000000 ) ;
#581 = EDGE_LOOP ( 'NONE', ( #563, #752, #982, #841, #1299, #895, #1527, #1298 ) ) ;
#582 = VERTEX_POINT ( 'NONE', #1690 ) ;
#583 = DIRECTION ( 'NONE',  ( 0.000000000000000000, 0.000000000000000000, -1.000000000000000000 ) ) ;
#584 = CIRCLE ( 'NONE', #1908, 1.450000000000000178 ) ;
#585 = DIRECTION ( 'NONE',  ( -0.000000000000000000, -0.000000000000000000, 1.000000000000000000 ) ) ;
#586 = CARTESIAN_POINT ( 'NONE',  ( 2.999917515209759689, -3.436621828056477555E-16, -4.500000000000000000 ) ) ;
#587 = DIRECTION ( 'NONE',  ( 0.000000000000000000, -0.000000000000000000, -1.000000000000000000 ) ) ;
#588 = ADVANCED_FACE ( 'NONE', ( #1400 ), #646, .T. ) ;
#589 = CARTESIAN_POINT ( 'NONE',  ( 39.55753812924487534, 72.17939663515522852, 2.500000000000000000 ) ) ;
#590 = ORIENTED_EDGE ( 'NONE', *, *, #442, .T. ) ;
#591 = EDGE_LOOP ( 'NONE', ( #129, #166, #84, #890 ) ) ;
#592 = DIRECTION ( 'NONE',  ( -1.000000000000000000, 0.000000000000000000, 0.000000000000000000 ) ) ;
#593 = CARTESIAN_POINT ( 'NONE',  ( 74.99991751520975924, 7.242556096281049349, -4.500000000000000000 ) ) ;
#594 = DIRECTION ( 'NONE',  ( 1.000000000000000000, -0.000000000000000000, -0.000000000000000000 ) ) ;
#595 = VERTEX_POINT ( 'NONE', #511 ) ;
#596 = CARTESIAN_POINT ( 'NONE',  ( 0.000000000000000000, 0.000000000000000000, 0.000000000000000000 ) ) ;
#597 = APPROVAL_STATUS ( 'not_yet_approved' ) ;
#598 = ORIENTED_EDGE ( 'NONE', *, *, #1363, .T. ) ;
#599 = VERTEX_POINT ( 'NONE', #1380 ) ;
#600 = EDGE_CURVE ( 'NONE', #763, #882, #950, .T. ) ;
#601 = DIRECTION ( 'NONE',  ( 0.000000000000000000, 0.000000000000000000, 1.000000000000000000 ) ) ;
#602 = EDGE_CURVE ( 'NONE', #1882, #848, #1404, .T. ) ;
#603 = CARTESIAN_POINT ( 'NONE',  ( 77.99991751520975924, 0.000000000000000000, -0.5000000000000014433 ) ) ;
#604 = DIRECTION ( 'NONE',  ( 2.178842789300671692E-32, -1.000000000000000000, 0.000000000000000000 ) ) ;
#605 = ORIENTED_EDGE ( 'NONE', *, *, #1361, .F. ) ;
#606 = VECTOR ( 'NONE', #1454, 1000.000000000000000 ) ;
#607 = PERSON_AND_ORGANIZATION_ROLE ( 'classification_officer' ) ;
#608 = ORIENTED_EDGE ( 'NONE', *, *, #460, .F. ) ;
#609 = ORIENTED_EDGE ( 'NONE', *, *, #1295, .T. ) ;
#610 = CARTESIAN_POINT ( 'NONE',  ( 76.49991751520975924, 22.50000000000000000, -0.5000000000000014433 ) ) ;
#611 = LINE ( 'NONE', #1325, #1663 ) ;
#612 = AXIS2_PLACEMENT_3D ( 'NONE', #78, #671, #250 ) ;
#613 = EDGE_CURVE ( 'NONE', #1514, #571, #520, .T. ) ;
#614 = VECTOR ( 'NONE', #1023, 1000.000000000000000 ) ;
#615 = AXIS2_PLACEMENT_3D ( 'NONE', #1917, #725, #1302 ) ;
#616 = LINE ( 'NONE', #1092, #1343 ) ;
#617 = DIRECTION ( 'NONE',  ( -1.223202451009287022E-16, -1.000000000000000000, 0.000000000000000000 ) ) ;
#618 = CARTESIAN_POINT ( 'NONE',  ( 73.55000156960619506, 2.999999463558197021, -4.500000000000000000 ) ) ;
#619 = PERSON_AND_ORGANIZATION ( #1084, #1050 ) ;
#620 = AXIS2_PLACEMENT_3D ( 'NONE', #589, #1774, #1786 ) ;
#621 = CARTESIAN_POINT ( 'NONE',  ( 4.199917515209771857, 13.99999923706054794, -0.4999999999999961142 ) ) ;
#622 = VERTEX_POINT ( 'NONE', #79 ) ;
#623 = CYLINDRICAL_SURFACE ( 'NONE', #1345, 1.500000000000000000 ) ;
#624 = CARTESIAN_POINT ( 'NONE',  ( 77.99991751520975924, 20.99999999999999645, -4.500000000000000000 ) ) ;
#625 = CARTESIAN_POINT ( 'NONE',  ( 4.199917515209768304, 39.29999923706054688, -0.4999999999999995559 ) ) ;
#626 = FACE_OUTER_BOUND ( 'NONE', #1433, .T. ) ;
#627 = EDGE_CURVE ( 'NONE', #1451, #1482, #960, .T. ) ;
#628 = VECTOR ( 'NONE', #88, 1000.000000000000000 ) ;
#629 = PERSON_AND_ORGANIZATION_ROLE ( 'creator' ) ;
#630 = EDGE_CURVE ( 'NONE', #1026, #708, #1248, .T. ) ;
#631 = EDGE_CURVE ( 'NONE', #1157, #227, #262, .T. ) ;
#632 = CARTESIAN_POINT ( 'NONE',  ( 76.49991751520975924, 1.500000000000000000, 2.500000000000000000 ) ) ;
#633 = APPROVAL_PERSON_ORGANIZATION ( #619, #883, #1194 ) ;
#634 = CARTESIAN_POINT ( 'NONE',  ( 42.40699368144974812, 51.50000000000000000, 2.500000000000000000 ) ) ;
#635 = EDGE_LOOP ( 'NONE', ( #552, #972, #1142, #994 ) ) ;
#636 = DIRECTION ( 'NONE',  ( -0.000000000000000000, -1.000000000000000000, -0.000000000000000000 ) ) ;
#637 = AXIS2_PLACEMENT_3D ( 'NONE', #95, #1261, #1124 ) ;
#638 = DIRECTION ( 'NONE',  ( 1.000000000000000000, 0.000000000000000000, 0.000000000000000000 ) ) ;
#639 = PLANE ( 'NONE',  #1876 ) ;
#640 = DIRECTION ( 'NONE',  ( 0.7071067811865496822, 0.7071067811865453523, 0.000000000000000000 ) ) ;
#641 = LINE ( 'NONE', #463, #1113 ) ;
#642 = EDGE_CURVE ( 'NONE', #1138, #1355, #1538, .T. ) ;
#643 = DIRECTION ( 'NONE',  ( -0.7071067811865444641, 0.7071067811865505703, 0.000000000000000000 ) ) ;
#644 = CARTESIAN_POINT ( 'NONE',  ( 7.242643322797177596, 49.99999999999999289, -4.500000000000000000 ) ) ;
#645 = DIRECTION ( 'NONE',  ( -1.000000000000000000, -2.178842789300671692E-32, 0.000000000000000000 ) ) ;
#646 = CYLINDRICAL_SURFACE ( 'NONE', #1753, 1.500000000000001332 ) ;
#647 = VECTOR ( 'NONE', #1595, 1000.000000000000000 ) ;
#648 = AXIS2_PLACEMENT_3D ( 'NONE', #1381, #1062, #656 ) ;
#649 = DIRECTION ( 'NONE',  ( 1.000000000000000000, 1.224641833315639757E-16, -0.000000000000000000 ) ) ;
#650 = EDGE_CURVE ( 'NONE', #1000, #1514, #1551, .T. ) ;
#651 = AXIS2_PLACEMENT_3D ( 'NONE', #1134, #729, #1173 ) ;
#652 = ORIENTED_EDGE ( 'NONE', *, *, #1589, .T. ) ;
#653 = DIRECTION ( 'NONE',  ( 0.000000000000000000, 0.000000000000000000, -1.000000000000000000 ) ) ;
#654 = CARTESIAN_POINT ( 'NONE',  ( 39.31780424076682579, 53.07121919235310514, -1.699154108507167305 ) ) ;
#655 = DIRECTION ( 'NONE',  ( -1.224641833315639757E-16, 1.000000000000000000, 0.000000000000000000 ) ) ;
#656 = DIRECTION ( 'NONE',  ( 1.000000000000000000, 0.000000000000000000, 0.000000000000000000 ) ) ;
#657 = CARTESIAN_POINT ( 'NONE',  ( 1.499917515209766128, 51.50000000000000000, 2.500000000000000000 ) ) ;
#658 = DIRECTION ( 'NONE',  ( 0.000000000000000000, 0.000000000000000000, -1.000000000000000000 ) ) ;
#659 = VECTOR ( 'NONE', #660, 1000.000000000000000 ) ;
#660 = DIRECTION ( 'NONE',  ( 1.000000000000000000, -0.000000000000000000, -0.000000000000000000 ) ) ;
#661 = ORIENTED_EDGE ( 'NONE', *, *, #909, .T. ) ;
#662 = FACE_OUTER_BOUND ( 'NONE', #793, .T. ) ;
#663 = CARTESIAN_POINT ( 'NONE',  ( 75.00000156960619790, 2.999999463558197021, -4.500000000000000000 ) ) ;
#664 = AXIS2_PLACEMENT_3D ( 'NONE', #1388, #70, #665 ) ;
#665 = DIRECTION ( 'NONE',  ( 0.000000000000000000, 0.000000000000000000, -1.000000000000000000 ) ) ;
#666 = PLANE ( 'NONE',  #493 ) ;
#667 = CARTESIAN_POINT ( 'NONE',  ( 40.08459303502785076, 73.58375169221525880, -1.700000000000000622 ) ) ;
#668 = ORIENTED_EDGE ( 'NONE', *, *, #1361, .T. ) ;
#669 = LINE ( 'NONE', #1582, #1389 ) ;
#670 = VERTEX_POINT ( 'NONE', #120 ) ;
#671 = DIRECTION ( 'NONE',  ( -0.000000000000000000, -0.000000000000000000, 1.000000000000000000 ) ) ;
#672 = EDGE_CURVE ( 'NONE', #966, #1625, #1122, .T. ) ;
#673 = EDGE_LOOP ( 'NONE', ( #1581, #1798, #714, #680 ) ) ;
#674 = LINE ( 'NONE', #1255, #286 ) ;
#675 = CIRCLE ( 'NONE', #1796, 10.12499999999999467 ) ;
#676 = VECTOR ( 'NONE', #770, 1000.000000000000000 ) ;
#677 = CIRCLE ( 'NONE', #924, 1.500000000000000000 ) ;
#678 = ORIENTED_EDGE ( 'NONE', *, *, #1151, .T. ) ;
#679 = CARTESIAN_POINT ( 'NONE',  ( 35.99991751520977346, 62.69999999999997442, 2.500000000000000000 ) ) ;
#680 = ORIENTED_EDGE ( 'NONE', *, *, #395, .T. ) ;
#681 = CARTESIAN_POINT ( 'NONE',  ( 1.550005272347671381, 50.00000263666979095, -4.500000000000000000 ) ) ;
#682 = EDGE_CURVE ( 'NONE', #1227, #1605, #134, .T. ) ;
#683 = VERTEX_POINT ( 'NONE', #1002 ) ;
#684 = DIRECTION ( 'NONE',  ( -1.000000000000000000, 0.000000000000000000, 0.000000000000000000 ) ) ;
#685 = EDGE_CURVE ( 'NONE', #708, #1138, #862, .T. ) ;
#686 = EDGE_LOOP ( 'NONE', ( #1813, #859, #812, #668, #1091 ) ) ;
#687 = LOCAL_TIME ( 23, 0, 30.00000000000000000, #170 ) ;
#688 = LINE ( 'NONE', #1117, #1136 ) ;
#689 = AXIS2_PLACEMENT_3D ( 'NONE', #1090, #1698, #366 ) ;
#690 = ORIENTED_EDGE ( 'NONE', *, *, #1192, .T. ) ;
#691 = CYLINDRICAL_SURFACE ( 'NONE', #1885, 11.75000000000000355 ) ;
#692 = CARTESIAN_POINT ( 'NONE',  ( 36.73614321881230182, 52.86915132657137661, 1.631704615434389050 ) ) ;
#693 = B_SPLINE_CURVE_WITH_KNOTS ( 'NONE', 3,
 ( #1754, #864, #887, #1900, #1480, #1456, #155, #721, #743, #1318, #578, #790, #1407, #1871 ),
 .UNSPECIFIED., .F., .F.,
 ( 4, 2, 2, 2, 2, 2, 4 ),
 ( 0.002265370331522279738, 0.003226000685307953315, 0.004186631039093626459, 0.004666946215986473440, 0.005147261392879319553, 0.005627576569772166533, 0.006107891746665013513 ),
 .UNSPECIFIED. ) ;
#694 = ORIENTED_EDGE ( 'NONE', *, *, #631, .F. ) ;
#695 = EDGE_CURVE ( 'NONE', #1278, #570, #516, .T. ) ;
#696 = ORIENTED_EDGE ( 'NONE', *, *, #175, .F. ) ;
#697 = CARTESIAN_POINT ( 'NONE',  ( 3.000001308192072891, 2.999999463558197021, 2.499999999999999556 ) ) ;
#698 = AXIS2_PLACEMENT_3D ( 'NONE', #1711, #785, #1865 ) ;
#699 = ORIENTED_EDGE ( 'NONE', *, *, #727, .F. ) ;
#700 = ORIENTED_EDGE ( 'NONE', *, *, #1694, .T. ) ;
#701 = CARTESIAN_POINT ( 'NONE',  ( 74.99991751520975924, 49.99999999999999289, -4.500000000000000000 ) ) ;
#702 = DIRECTION ( 'NONE',  ( -0.3513699371886510048, -0.9362367047066908476, 0.000000000000000000 ) ) ;
#703 = EDGE_LOOP ( 'NONE', ( #1810, #1244, #420 ) ) ;
#704 = EDGE_LOOP ( 'NONE', ( #1150, #432, #161, #1196 ) ) ;
#705 = VECTOR ( 'NONE', #1179, 1000.000000000000000 ) ;
#706 = DIRECTION ( 'NONE',  ( -1.000000000000000000, -1.224641833315640004E-16, -0.000000000000000000 ) ) ;
#707 = ADVANCED_FACE ( 'NONE', ( #415 ), #110, .T. ) ;
#708 = VERTEX_POINT ( 'NONE', #1140 ) ;
#709 = CARTESIAN_POINT ( 'NONE',  ( 0.000000000000000000, 53.00000000000000000, -4.500000000000000000 ) ) ;
#710 = CARTESIAN_POINT ( 'NONE',  ( 42.40699368144974812, 53.00000000000000000, 1.000000000000000000 ) ) ;
#711 = ORIENTED_EDGE ( 'NONE', *, *, #290, .T. ) ;
#712 = DIRECTION ( 'NONE',  ( 0.000000000000000000, 0.000000000000000000, -1.000000000000000000 ) ) ;
#713 = VERTEX_POINT ( 'NONE', #1277 ) ;
#714 = ORIENTED_EDGE ( 'NONE', *, *, #1564, .F. ) ;
#715 = DIRECTION ( 'NONE',  ( -0.000000000000000000, -0.000000000000000000, 1.000000000000000000 ) ) ;
#716 = CARTESIAN_POINT ( 'NONE',  ( 35.42332016482488655, 52.12068594059026339, 2.377013035680733299 ) ) ;
#717 = EDGE_CURVE ( 'NONE', #1501, #1127, #261, .T. ) ;
#718 = EDGE_CURVE ( 'NONE', #1108, #35, #945, .T. ) ;
#719 = ORIENTED_EDGE ( 'NONE', *, *, #1818, .T. ) ;
#720 = UNCERTAINTY_MEASURE_WITH_UNIT (LENGTH_MEASURE( 1.000000000000000082E-05 ), #1438, 'distance_accuracy_value', 'NONE');
#721 = CARTESIAN_POINT ( 'NONE',  ( 41.68559365141258155, 53.00000000000000711, -1.205120245199750029 ) ) ;
#722 = CARTESIAN_POINT ( 'NONE',  ( 46.12491751520976635, 62.69999999999997442, -1.700000000000000622 ) ) ;
#723 = ORIENTED_EDGE ( 'NONE', *, *, #577, .F. ) ;
#724 = CARTESIAN_POINT ( 'NONE',  ( 1.499917515209770569, 13.99999923706054794, -0.4999999999999962252 ) ) ;
#725 = DIRECTION ( 'NONE',  ( 0.000000000000000000, 0.000000000000000000, -1.000000000000000000 ) ) ;
#726 = ORIENTED_EDGE ( 'NONE', *, *, #55, .F. ) ;
#727 = EDGE_CURVE ( 'NONE', #595, #1171, #1470, .T. ) ;
#728 = CARTESIAN_POINT ( 'NONE',  ( 73.79991751520977061, 38.50000000000000000, -0.5000000000000014433 ) ) ;
#729 = DIRECTION ( 'NONE',  ( 0.000000000000000000, 0.000000000000000000, 1.000000000000000000 ) ) ;
#730 = ORIENTED_EDGE ( 'NONE', *, *, #642, .F. ) ;
#731 = AXIS2_PLACEMENT_3D ( 'NONE', #169, #757, #1337 ) ;
#732 = ORIENTED_EDGE ( 'NONE', *, *, #1803, .T. ) ;
#733 = VERTEX_POINT ( 'NONE', #574 ) ;
#734 = LINE ( 'NONE', #1324, #857 ) ;
#735 = CIRCLE ( 'NONE', #980, 1.500000000000000000 ) ;
#736 = FACE_OUTER_BOUND ( 'NONE', #1012, .T. ) ;
#737 = CIRCLE ( 'NONE', #335, 1.500000000000001332 ) ;
#738 = EDGE_LOOP ( 'NONE', ( #165, #817, #1427, #281, #1756, #386, #984, #866 ) ) ;
#739 = CARTESIAN_POINT ( 'NONE',  ( 76.49991751520975924, 53.00000000000000000, 2.500000000000000000 ) ) ;
#740 = EDGE_CURVE ( 'NONE', #125, #1487, #248, .T. ) ;
#741 = LINE ( 'NONE', #449, #182 ) ;
#742 = APPLICATION_PROTOCOL_DEFINITION ( 'international standard', 'config_control_design', 1994, #11 ) ;
#743 = CARTESIAN_POINT ( 'NONE',  ( 41.82537921673942094, 53.00000000000000000, -1.121989764768807074 ) ) ;
#744 = ORIENTED_EDGE ( 'NONE', *, *, #967, .T. ) ;
#745 = ORIENTED_EDGE ( 'NONE', *, *, #1720, .T. ) ;
#746 = ORIENTED_EDGE ( 'NONE', *, *, #1707, .T. ) ;
#747 = DIRECTION ( 'NONE',  ( 1.000000000000000000, -1.223202451009287022E-16, 0.000000000000000000 ) ) ;
#748 = CARTESIAN_POINT ( 'NONE',  ( 75.00000156960619790, 2.999999463558197021, -4.500000000000000000 ) ) ;
#749 = LINE ( 'NONE', #1465, #855 ) ;
#750 = ORIENTED_EDGE ( 'NONE', *, *, #1363, .F. ) ;
#751 = PERSON_AND_ORGANIZATION_ROLE ( 'design_owner' ) ;
#752 = ORIENTED_EDGE ( 'NONE', *, *, #418, .T. ) ;
#753 = ORIENTED_EDGE ( 'NONE', *, *, #231, .T. ) ;
#754 = ADVANCED_FACE ( 'NONE', ( #1292 ), #1898, .T. ) ;
#755 = DIRECTION ( 'NONE',  ( -1.224641833315639757E-16, 1.000000000000000000, 0.000000000000000000 ) ) ;
#756 = CARTESIAN_POINT ( 'NONE',  ( 73.55000156960619506, 2.999999463558197021, -4.500000000000000000 ) ) ;
#757 = DIRECTION ( 'NONE',  ( -0.000000000000000000, 0.000000000000000000, 1.000000000000000000 ) ) ;
#758 = DIRECTION ( 'NONE',  ( 1.000000000000000000, 0.000000000000000000, 0.000000000000000000 ) ) ;
#759 = VECTOR ( 'NONE', #1505, 1000.000000000000000 ) ;
#760 = CARTESIAN_POINT ( 'NONE',  ( -8.248479022924538049E-05, 12.49999923706054972, -0.4999999999999958922 ) ) ;
#761 = DIRECTION ( 'NONE',  ( -1.224641833315639757E-16, 1.000000000000000000, 0.000000000000000000 ) ) ;
#762 = EDGE_LOOP ( 'NONE', ( #158, #1046, #1776, #1887 ) ) ;
#763 = VERTEX_POINT ( 'NONE', #893 ) ;
#764 = EDGE_CURVE ( 'NONE', #1237, #599, #454, .T. ) ;
#765 = DIRECTION ( 'NONE',  ( 0.000000000000000000, 0.000000000000000000, -1.000000000000000000 ) ) ;
#766 = LINE ( 'NONE', #1188, #998 ) ;
#767 = AXIS2_PLACEMENT_3D ( 'NONE', #969, #242, #1566 ) ;
#768 = VECTOR ( 'NONE', #1919, 1000.000000000000000 ) ;
#769 = VECTOR ( 'NONE', #1209, 1000.000000000000000 ) ;
#770 = DIRECTION ( 'NONE',  ( 0.000000000000000000, 0.000000000000000000, 1.000000000000000000 ) ) ;
#771 = FACE_OUTER_BOUND ( 'NONE', #1721, .T. ) ;
#772 = CALENDAR_DATE ( 2026, 25, 4 ) ;
#773 = DIRECTION ( 'NONE',  ( 0.000000000000000000, 0.000000000000000000, -1.000000000000000000 ) ) ;
#774 = VERTEX_POINT ( 'NONE', #593 ) ;
#775 = DIRECTION ( 'NONE',  ( 0.000000000000000000, 0.000000000000000000, 1.000000000000000000 ) ) ;
#776 = CARTESIAN_POINT ( 'NONE',  ( 0.000000000000000000, 49.99999999999999289, -4.500000000000000000 ) ) ;
#777 = CARTESIAN_POINT ( 'NONE',  ( 39.43926930192974822, 53.14549935564760830, -1.700000000000000622 ) ) ;
#778 = EDGE_CURVE ( 'NONE', #1439, #224, #611, .T. ) ;
#779 = CARTESIAN_POINT ( 'NONE',  ( 2.999917515209765018, 45.75727419241260208, 0.000000000000000000 ) ) ;
#780 = FACE_OUTER_BOUND ( 'NONE', #1466, .T. ) ;
#781 = DIRECTION ( 'NONE',  ( 0.000000000000000000, 0.000000000000000000, -1.000000000000000000 ) ) ;
#782 = ORIENTED_EDGE ( 'NONE', *, *, #1153, .F. ) ;
#783 = DIRECTION ( 'NONE',  ( -1.000000000000000000, 0.000000000000000000, 0.000000000000000000 ) ) ;
#784 = DIRECTION ( 'NONE',  ( -1.224641833315640004E-16, 1.000000000000000000, -5.652123658190355883E-64 ) ) ;
#785 = DIRECTION ( 'NONE',  ( -0.7071067811865496822, -0.7071067811865454633, 0.000000000000000000 ) ) ;
#786 = DIRECTION ( 'NONE',  ( -1.000000000000000000, 0.000000000000000000, 0.000000000000000000 ) ) ;
#787 = EDGE_CURVE ( 'NONE', #234, #122, #1048, .T. ) ;
#788 = VECTOR ( 'NONE', #901, 1000.000000000000000 ) ;
#789 = DIRECTION ( 'NONE',  ( 0.000000000000000000, 0.000000000000000000, -1.000000000000000000 ) ) ;
#790 = CARTESIAN_POINT ( 'NONE',  ( 42.35629626717403795, 52.99999999999999289, -0.5232397191580812068 ) ) ;
#791 = ORIENTED_EDGE ( 'NONE', *, *, #1077, .F. ) ;
#792 = CARTESIAN_POINT ( 'NONE',  ( 74.99991751520975924, 0.000000000000000000, -4.500000000000000000 ) ) ;
#793 = EDGE_LOOP ( 'NONE', ( #1854, #732, #678, #539 ) ) ;
#794 = DIRECTION ( 'NONE',  ( -1.679379397561989085E-32, 1.371322905910519414E-16, 1.000000000000000000 ) ) ;
#795 = DIRECTION ( 'NONE',  ( 0.7071067811865496822, 0.7071067811865453523, 0.000000000000000000 ) ) ;
#796 = AXIS2_PLACEMENT_3D ( 'NONE', #371, #500, #1078 ) ;
#797 = CARTESIAN_POINT ( 'NONE',  ( 36.93109388143621175, 53.00000000000000000, -0.2000000000000005107 ) ) ;
#798 = LINE ( 'NONE', #989, #867 ) ;
#799 = CARTESIAN_POINT ( 'NONE',  ( 76.44991751520977630, 49.99999999999999289, -4.500000000000000000 ) ) ;
#800 = AXIS2_PLACEMENT_3D ( 'NONE', #1686, #1055, #355 ) ;
#801 = EDGE_CURVE ( 'NONE', #309, #582, #1059, .T. ) ;
#802 = EDGE_CURVE ( 'NONE', #1355, #582, #766, .T. ) ;
#803 = ORIENTED_EDGE ( 'NONE', *, *, #1014, .T. ) ;
#804 = CARTESIAN_POINT ( 'NONE',  ( -21.37867833860142852, 21.37867833860155287, -4.500000000000000000 ) ) ;
#805 = ORIENTED_EDGE ( 'NONE', *, *, #1054, .T. ) ;
#806 = CARTESIAN_POINT ( 'NONE',  ( 2.999917515209764129, 39.29999923706054688, -4.500000000000000000 ) ) ;
#807 = FACE_BOUND ( 'NONE', #112, .T. ) ;
#808 = DIRECTION ( 'NONE',  ( 0.000000000000000000, -0.000000000000000000, -1.000000000000000000 ) ) ;
#809 = PRODUCT_DEFINITION_FORMATION_WITH_SPECIFIED_SOURCE ( 'ä»', '', #1584, .NOT_KNOWN. ) ;
#810 = DIRECTION ( 'NONE',  ( 1.000000000000000000, 0.000000000000000000, 0.000000000000000000 ) ) ;
#811 = ADVANCED_FACE ( 'NONE', ( #289 ), #1039, .F. ) ;
#812 = ORIENTED_EDGE ( 'NONE', *, *, #1166, .F. ) ;
#813 = CYLINDRICAL_SURFACE ( 'NONE', #612, 1.449999999999993072 ) ;
#814 = CARTESIAN_POINT ( 'NONE',  ( 1.499917515209766128, 51.50000000000000000, 2.500000000000000000 ) ) ;
#815 = DIRECTION ( 'NONE',  ( -0.7071067811865495711, -0.7071067811865455743, 0.000000000000000000 ) ) ;
#816 = ORIENTED_EDGE ( 'NONE', *, *, #835, .T. ) ;
#817 = ORIENTED_EDGE ( 'NONE', *, *, #135, .F. ) ;
#818 = FACE_OUTER_BOUND ( 'NONE', #635, .T. ) ;
#819 = ADVANCED_FACE ( 'NONE', ( #736 ), #1485, .T. ) ;
#820 = ORIENTED_EDGE ( 'NONE', *, *, #541, .T. ) ;
#821 = DIRECTION ( 'NONE',  ( 1.000000000000000000, 0.000000000000000000, 0.000000000000000000 ) ) ;
#822 = FACE_OUTER_BOUND ( 'NONE', #1636, .T. ) ;
#823 = EDGE_CURVE ( 'NONE', #1024, #1258, #28, .T. ) ;
#824 = FACE_OUTER_BOUND ( 'NONE', #1602, .T. ) ;
#825 = VERTEX_POINT ( 'NONE', #1780 ) ;
#826 = CARTESIAN_POINT ( 'NONE',  ( 76.49991751520975924, 20.99999999999999645, 0.000000000000000000 ) ) ;
#827 = CIRCLE ( 'NONE', #853, 1.500000000000001332 ) ;
#828 = AXIS2_PLACEMENT_3D ( 'NONE', #71, #49, #353 ) ;
#829 = EDGE_LOOP ( 'NONE', ( #1266, #1233, #1260 ) ) ;
#830 = SPHERICAL_SURFACE ( 'NONE', #1459, 1.500000000000000000 ) ;
#831 = ORIENTED_EDGE ( 'NONE', *, *, #1262, .F. ) ;
#832 = DIRECTION ( 'NONE',  ( 1.000000000000000000, 0.000000000000000000, 0.000000000000000000 ) ) ;
#833 = CARTESIAN_POINT ( 'NONE',  ( 39.45773648933774069, 51.59544981582215684, 2.500000000000000000 ) ) ;
#834 = EDGE_LOOP ( 'NONE', ( #1246, #245, #148, #1443 ) ) ;
#835 = EDGE_CURVE ( 'NONE', #1651, #1138, #1517, .T. ) ;
#836 = DIRECTION ( 'NONE',  ( 1.000000000000000000, 0.000000000000000000, 0.000000000000000000 ) ) ;
#837 = ORIENTED_EDGE ( 'NONE', *, *, #1453, .T. ) ;
#838 = AXIS2_PLACEMENT_3D ( 'NONE', #1109, #1406, #1265 ) ;
#839 = CARTESIAN_POINT ( 'NONE',  ( 2.999917515209760577, 7.242723943659808761, -4.500000000000000000 ) ) ;
#840 = DIRECTION ( 'NONE',  ( 0.000000000000000000, -1.000000000000000000, 0.000000000000000000 ) ) ;
#841 = ORIENTED_EDGE ( 'NONE', *, *, #1637, .T. ) ;
#842 = CARTESIAN_POINT ( 'NONE',  ( 76.49991751520975924, 20.99999999999999645, -0.5000000000000014433 ) ) ;
#843 = DIRECTION ( 'NONE',  ( 0.000000000000000000, 0.000000000000000000, 1.000000000000000000 ) ) ;
#844 = ORIENTED_EDGE ( 'NONE', *, *, #1151, .F. ) ;
#845 = ADVANCED_FACE ( 'NONE', ( #1313 ), #330, .F. ) ;
#846 = ORIENTED_EDGE ( 'NONE', *, *, #650, .T. ) ;
#847 = CIRCLE ( 'NONE', #1370, 1.450000000000006839 ) ;
#848 = VERTEX_POINT ( 'NONE', #756 ) ;
#849 = ORIENTED_EDGE ( 'NONE', *, *, #1743, .F. ) ;
#850 = CARTESIAN_POINT ( 'NONE',  ( 2.999917515209762797, 13.99999923706054794, -4.500000000000000000 ) ) ;
#851 = DIRECTION ( 'NONE',  ( 0.000000000000000000, 0.000000000000000000, -1.000000000000000000 ) ) ;
#852 = ORIENTED_EDGE ( 'NONE', *, *, #1555, .F. ) ;
#853 = AXIS2_PLACEMENT_3D ( 'NONE', #1001, #1267, #1409 ) ;
#854 = FACE_OUTER_BOUND ( 'NONE', #1424, .T. ) ;
#855 = VECTOR ( 'NONE', #446, 1000.000000000000000 ) ;
#856 = ORIENTED_EDGE ( 'NONE', *, *, #1426, .F. ) ;
#857 = VECTOR ( 'NONE', #311, 1000.000000000000000 ) ;
#858 = CC_DESIGN_PERSON_AND_ORGANIZATION_ASSIGNMENT ( #1524, #751, ( #1584 ) ) ;
#859 = ORIENTED_EDGE ( 'NONE', *, *, #1020, .T. ) ;
#860 = ORIENTED_EDGE ( 'NONE', *, *, #1554, .F. ) ;
#861 = CARTESIAN_POINT ( 'NONE',  ( 4.199917515209771857, 13.99999923706054794, -1.184689138545673869E-15 ) ) ;
#862 = LINE ( 'NONE', #1130, #1335 ) ;
#863 = AXIS2_PLACEMENT_3D ( 'NONE', #1678, #219, #1824 ) ;
#864 = CARTESIAN_POINT ( 'NONE',  ( 39.51655755970021033, 53.00000000000000711, -1.691516272251552655 ) ) ;
#865 = ORIENTED_EDGE ( 'NONE', *, *, #1857, .T. ) ;
#866 = ORIENTED_EDGE ( 'NONE', *, *, #254, .F. ) ;
#867 = VECTOR ( 'NONE', #1736, 1000.000000000000000 ) ;
#868 = EDGE_CURVE ( 'NONE', #1557, #85, #847, .T. ) ;
#869 = ORIENTED_EDGE ( 'NONE', *, *, #485, .F. ) ;
#870 = CARTESIAN_POINT ( 'NONE',  ( 30.29991751520976706, 62.69999999999998863, -0.2000000000000005107 ) ) ;
#871 = CARTESIAN_POINT ( 'NONE',  ( 34.49700622699796781, 51.72000163098451253, 2.489715134739584723 ) ) ;
#872 = CARTESIAN_POINT ( 'NONE',  ( 4.450001308192073068, 2.999999463558197021, -4.500000000000000000 ) ) ;
#873 = AXIS2_PLACEMENT_3D ( 'NONE', #1500, #1657, #472 ) ;
#874 = DIRECTION ( 'NONE',  ( 0.000000000000000000, -1.000000000000000000, 0.000000000000000000 ) ) ;
#875 = ORIENTED_EDGE ( 'NONE', *, *, #483, .T. ) ;
#876 = ORIENTED_EDGE ( 'NONE', *, *, #1373, .F. ) ;
#877 = LINE ( 'NONE', #1159, #86 ) ;
#878 = CARTESIAN_POINT ( 'NONE',  ( 74.99991751520975924, 22.50000000000000000, -0.5000000000000014433 ) ) ;
#879 = VECTOR ( 'NONE', #1177, 1000.000000000000000 ) ;
#880 = ADVANCED_FACE ( 'NONE', ( #476 ), #1801, .T. ) ;
#881 = CARTESIAN_POINT ( 'NONE',  ( 1.550001308192072935, 2.999999463558197021, 2.499999999999999556 ) ) ;
#882 = VERTEX_POINT ( 'NONE', #321 ) ;
#883 = APPROVAL ( #1329, 'æœª' ) ;
#884 = EDGE_CURVE ( 'NONE', #1133, #241, #1645, .T. ) ;
#885 = CARTESIAN_POINT ( 'NONE',  ( 42.04991751520977061, 62.69999999999998863, 2.500000000000000000 ) ) ;
#886 = DIRECTION ( 'NONE',  ( -0.7071067811865444641, 0.7071067811865505703, 0.000000000000000000 ) ) ;
#887 = CARTESIAN_POINT ( 'NONE',  ( 39.83776365369438111, 53.00000000000000711, -1.675011733787083790 ) ) ;
#888 = ORIENTED_EDGE ( 'NONE', *, *, #210, .T. ) ;
#889 = CIRCLE ( 'NONE', #731, 11.62499999999999645 ) ;
#890 = ORIENTED_EDGE ( 'NONE', *, *, #1066, .F. ) ;
#891 = CARTESIAN_POINT ( 'NONE',  ( 73.54991751520975640, 49.99999999999999289, -4.500000000000000000 ) ) ;
#892 = CIRCLE ( 'NONE', #269, 1.500000000000000000 ) ;
#893 = CARTESIAN_POINT ( 'NONE',  ( 4.450005272347671514, 50.00000263666979095, -4.500000000000000000 ) ) ;
#894 = CARTESIAN_POINT ( 'NONE',  ( 38.50950560690127134, 71.10625739343953455, 2.500000000000000000 ) ) ;
#895 = ORIENTED_EDGE ( 'NONE', *, *, #51, .T. ) ;
#896 = ADVANCED_FACE ( 'NONE', ( #1653 ), #921, .F. ) ;
#897 = PERSON_AND_ORGANIZATION ( #1084, #1050 ) ;
#898 = VERTEX_POINT ( 'NONE', #624 ) ;
#899 = VERTEX_POINT ( 'NONE', #878 ) ;
#900 = CARTESIAN_POINT ( 'NONE',  ( 1.499917515209772123, 1.500000000000000000, 1.000000000000000000 ) ) ;
#901 = DIRECTION ( 'NONE',  ( -1.224641833315639757E-16, 1.000000000000000000, 0.000000000000000000 ) ) ;
#902 = CARTESIAN_POINT ( 'NONE',  ( 70.75727682809046826, 50.00000000000000000, -4.500000000000000000 ) ) ;
#903 = AXIS2_PLACEMENT_3D ( 'NONE', #392, #543, #983 ) ;
#904 = CARTESIAN_POINT ( 'NONE',  ( 4.450001308192073068, 2.999999463558197021, 2.499999999999999556 ) ) ;
#905 = B_SPLINE_CURVE_WITH_KNOTS ( 'NONE', 3,
 ( #198, #777, #654, #959 ),
 .UNSPECIFIED., .F., .F.,
 ( 4, 4 ),
 ( -1.220543802916309095E-05, 0.0004080958160222471448 ),
 .UNSPECIFIED. ) ;
#906 = CARTESIAN_POINT ( 'NONE',  ( 2.999917515209761465, 7.242723943659807873, 0.000000000000000000 ) ) ;
#907 = COORDINATED_UNIVERSAL_TIME_OFFSET ( 8, 0, .AHEAD. ) ;
#908 = CARTESIAN_POINT ( 'NONE',  ( -8.248479023420518530E-05, 53.00000000000000000, 2.500000000000000000 ) ) ;
#909 = EDGE_CURVE ( 'NONE', #1482, #234, #89, .T. ) ;
#910 = ORIENTED_EDGE ( 'NONE', *, *, #884, .T. ) ;
#911 = ORIENTED_EDGE ( 'NONE', *, *, #1153, .T. ) ;
#912 = LINE ( 'NONE', #644, #1578 ) ;
#913 = DIRECTION ( 'NONE',  ( 1.000000000000000000, 0.000000000000000000, 0.000000000000000000 ) ) ;
#914 = CARTESIAN_POINT ( 'NONE',  ( 30.29991751520976706, 62.69999999999998863, -1.700000000000000622 ) ) ;
#915 = AXIS2_PLACEMENT_3D ( 'NONE', #663, #1239, #1684 ) ;
#916 = DATE_AND_TIME ( #324, #505 ) ;
#917 = DIRECTION ( 'NONE',  ( -1.000000000000000000, 0.000000000000000000, -0.000000000000000000 ) ) ;
#918 = ORIENTED_EDGE ( 'NONE', *, *, #718, .F. ) ;
#919 = DIRECTION ( 'NONE',  ( 1.445602896647339163E-16, -1.000000000000000000, 0.000000000000000000 ) ) ;
#920 = EDGE_CURVE ( 'NONE', #848, #1882, #1606, .T. ) ;
#921 = CYLINDRICAL_SURFACE ( 'NONE', #1699, 1.450000000000006839 ) ;
#922 = AXIS2_PLACEMENT_3D ( 'NONE', #1228, #1399, #217 ) ;
#923 = CIRCLE ( 'NONE', #648, 1.499999999999999778 ) ;
#924 = AXIS2_PLACEMENT_3D ( 'NONE', #57, #783, #931 ) ;
#925 = EDGE_LOOP ( 'NONE', ( #962, #1588, #1901, #1492, #1303, #229, #837, #1483, #1114, #869 ) ) ;
#926 = CARTESIAN_POINT ( 'NONE',  ( 76.45000156960618654, 2.999999463558197021, 2.499999999999999556 ) ) ;
#927 = CARTESIAN_POINT ( 'NONE',  ( 76.49991751520975924, -3.272410799360055261E-32, -4.500000000000000000 ) ) ;
#928 = FACE_OUTER_BOUND ( 'NONE', #1323, .T. ) ;
#929 = DIRECTION ( 'NONE',  ( -1.000000000000000000, 0.000000000000000000, 0.000000000000000000 ) ) ;
#930 = ORIENTED_EDGE ( 'NONE', *, *, #717, .T. ) ;
#931 = DIRECTION ( 'NONE',  ( 0.000000000000000000, 0.000000000000000000, 1.000000000000000000 ) ) ;
#932 = EDGE_CURVE ( 'NONE', #1514, #988, #1126, .T. ) ;
#933 = DIRECTION ( 'NONE',  ( -1.000000000000000000, -1.224641833315640004E-16, 0.000000000000000000 ) ) ;
#934 = CARTESIAN_POINT ( 'NONE',  ( 39.55753812924486823, 72.17939663515521431, -1.700000000000000622 ) ) ;
#935 = APPROVAL_PERSON_ORGANIZATION ( #181, #1775, #1816 ) ;
#936 = LINE ( 'NONE', #502, #1669 ) ;
#937 = DATE_AND_TIME ( #1805, #67 ) ;
#938 = LINE ( 'NONE', #1817, #1395 ) ;
#939 = FACE_BOUND ( 'NONE', #1256, .T. ) ;
#940 = CARTESIAN_POINT ( 'NONE',  ( 76.49991751520975924, 51.50000000000000000, 1.000000000000000000 ) ) ;
#941 = DIRECTION ( 'NONE',  ( -1.000000000000000000, 0.000000000000000000, 0.000000000000000000 ) ) ;
#942 = DIRECTION ( 'NONE',  ( 0.7071067811865454633, -0.7071067811865496822, 0.000000000000000000 ) ) ;
#943 = CARTESIAN_POINT ( 'NONE',  ( 74.99991751520975924, 38.50000000000000000, -0.5000000000000014433 ) ) ;
#944 = ADVANCED_FACE ( 'NONE', ( #771 ), #1328, .F. ) ;
#945 = CIRCLE ( 'NONE', #80, 1.450000000000006839 ) ;
#946 = LINE ( 'NONE', #1542, #215 ) ;
#947 = CIRCLE ( 'NONE', #1788, 11.75000000000000355 ) ;
#948 = ORIENTED_EDGE ( 'NONE', *, *, #1707, .F. ) ;
#949 = DIRECTION ( 'NONE',  ( -0.000000000000000000, -0.000000000000000000, 1.000000000000000000 ) ) ;
#950 = LINE ( 'NONE', #1548, #294 ) ;
#951 = CARTESIAN_POINT ( 'NONE',  ( 37.57407720103245907, 52.99999999999999289, -1.195797254424365130 ) ) ;
#952 = CARTESIAN_POINT ( 'NONE',  ( 1.499917515209772123, -1.666856199969103818E-30, -4.500000000000000000 ) ) ;
#953 = EDGE_CURVE ( 'NONE', #1083, #1625, #1025, .T. ) ;
#954 = DIRECTION ( 'NONE',  ( -0.000000000000000000, -0.000000000000000000, 1.000000000000000000 ) ) ;
#955 = VECTOR ( 'NONE', #275, 1000.000000000000000 ) ;
#956 = VERTEX_POINT ( 'NONE', #1352 ) ;
#957 = FACE_OUTER_BOUND ( 'NONE', #703, .T. ) ;
#958 = VERTEX_POINT ( 'NONE', #760 ) ;
#959 = CARTESIAN_POINT ( 'NONE',  ( 39.19632688662326103, 53.00000000000000000, -1.697411652398921555 ) ) ;
#960 = LINE ( 'NONE', #1831, #326 ) ;
#961 = CARTESIAN_POINT ( 'NONE',  ( 37.28814942089691442, 52.99999999999999289, -0.9640786658746431925 ) ) ;
#962 = ORIENTED_EDGE ( 'NONE', *, *, #932, .F. ) ;
#963 = FACE_OUTER_BOUND ( 'NONE', #96, .T. ) ;
#964 = TOROIDAL_SURFACE ( 'NONE', #1141, 10.12499999999999645, 1.500000000000000000 ) ;
#965 = EDGE_CURVE ( 'NONE', #733, #825, #1627, .T. ) ;
#966 = VERTEX_POINT ( 'NONE', #1614 ) ;
#967 = EDGE_CURVE ( 'NONE', #496, #533, #1154, .T. ) ;
#968 = ORIENTED_EDGE ( 'NONE', *, *, #1658, .F. ) ;
#969 = CARTESIAN_POINT ( 'NONE',  ( 39.55753812924487534, 72.17939663515522852, -0.2000000000000005107 ) ) ;
#970 = VERTEX_POINT ( 'NONE', #872 ) ;
#971 = CARTESIAN_POINT ( 'NONE',  ( 1.499917515209772345, 1.836962749973442626E-16, 2.500000000000000000 ) ) ;
#972 = ORIENTED_EDGE ( 'NONE', *, *, #104, .F. ) ;
#973 = APPLICATION_PROTOCOL_DEFINITION ( 'international standard', 'config_control_design', 1994, #1544 ) ;
#974 = EDGE_CURVE ( 'NONE', #1171, #287, #1639, .T. ) ;
#975 = ORIENTED_EDGE ( 'NONE', *, *, #1143, .T. ) ;
#976 = CARTESIAN_POINT ( 'NONE',  ( 2.999917515209764129, 45.75727419241260208, -4.500000000000000000 ) ) ;
#977 = CARTESIAN_POINT ( 'NONE',  ( 41.39785356687988838, 52.40290326866362136, 2.202338942949869871 ) ) ;
#978 = ORIENTED_EDGE ( 'NONE', *, *, #1571, .T. ) ;
#979 = FACE_OUTER_BOUND ( 'NONE', #1493, .T. ) ;
#980 = AXIS2_PLACEMENT_3D ( 'NONE', #1314, #1049, #30 ) ;
#981 = AXIS2_PLACEMENT_3D ( 'NONE', #900, #601, #1176 ) ;
#982 = ORIENTED_EDGE ( 'NONE', *, *, #32, .F. ) ;
#983 = DIRECTION ( 'NONE',  ( 1.000000000000000000, 0.000000000000000000, 0.000000000000000000 ) ) ;
#984 = ORIENTED_EDGE ( 'NONE', *, *, #801, .F. ) ;
#985 = CARTESIAN_POINT ( 'NONE',  ( 30.29991751520976706, 62.69999999999998863, -1.700000000000000622 ) ) ;
#986 = CARTESIAN_POINT ( 'NONE',  ( 42.18971421775342634, 52.85943224971573073, 1.653457951498491507 ) ) ;
#987 = ADVANCED_FACE ( 'NONE', ( #295 ), #1794, .F. ) ;
#988 = VERTEX_POINT ( 'NONE', #885 ) ;
#989 = CARTESIAN_POINT ( 'NONE',  ( 0.000000000000000000, 22.50000000000000000, -4.500000000000000000 ) ) ;
#990 = ORIENTED_EDGE ( 'NONE', *, *, #1143, .F. ) ;
#991 = ORIENTED_EDGE ( 'NONE', *, *, #220, .T. ) ;
#992 = DIRECTION ( 'NONE',  ( 0.000000000000000000, 0.000000000000000000, -1.000000000000000000 ) ) ;
#993 = CARTESIAN_POINT ( 'NONE',  ( 36.93109388143622596, 53.00000000000000000, 1.086786139424925635 ) ) ;
#994 = ORIENTED_EDGE ( 'NONE', *, *, #1236, .F. ) ;
#995 = EDGE_CURVE ( 'NONE', #848, #441, #20, .T. ) ;
#996 = ORIENTED_EDGE ( 'NONE', *, *, #115, .F. ) ;
#997 = LINE ( 'NONE', #1583, #1358 ) ;
#998 = VECTOR ( 'NONE', #1496, 1000.000000000000000 ) ;
#999 = ORIENTED_EDGE ( 'NONE', *, *, #483, .F. ) ;
#1000 = VERTEX_POINT ( 'NONE', #152 ) ;
#1001 = CARTESIAN_POINT ( 'NONE',  ( 76.49991751520975924, 1.500000000000001332, -4.499999999999999112 ) ) ;
#1002 = CARTESIAN_POINT ( 'NONE',  ( 74.99991751520975924, 22.50000000000000000, -4.500000000000000000 ) ) ;
#1003 = CIRCLE ( 'NONE', #455, 1.499999999999999778 ) ;
#1004 = DIRECTION ( 'NONE',  ( -1.000000000000000000, 1.145572106777136737E-16, 0.000000000000000000 ) ) ;
#1005 = EDGE_CURVE ( 'NONE', #227, #1100, #741, .T. ) ;
#1006 = LINE ( 'NONE', #1608, #955 ) ;
#1007 = AXIS2_PLACEMENT_3D ( 'NONE', #1556, #1672, #338 ) ;
#1008 = EDGE_LOOP ( 'NONE', ( #1183, #661, #25, #1572, #319, #1162, #1682, #426, #1405, #232, #1253, #402, #252, #258 ) ) ;
#1009 = VERTEX_POINT ( 'NONE', #308 ) ;
#1010 = LINE ( 'NONE', #1622, #332 ) ;
#1011 = CARTESIAN_POINT ( 'NONE',  ( 39.79458079959018590, 51.70611249827178568, 2.491301544875557994 ) ) ;
#1012 = EDGE_LOOP ( 'NONE', ( #791, #852, #1594, #1747 ) ) ;
#1013 = DIRECTION ( 'NONE',  ( 0.000000000000000000, 0.000000000000000000, -1.000000000000000000 ) ) ;
#1014 = EDGE_CURVE ( 'NONE', #1237, #358, #1193, .T. ) ;
#1015 = ORIENTED_EDGE ( 'NONE', *, *, #1132, .F. ) ;
#1016 = CIRCLE ( 'NONE', #1105, 11.75000000000000355 ) ;
#1017 = ORIENTED_EDGE ( 'NONE', *, *, #1175, .F. ) ;
#1018 = APPROVAL ( #597, 'æœª' ) ;
#1019 = CYLINDRICAL_SURFACE ( 'NONE', #1156, 1.500000000000001332 ) ;
#1020 = EDGE_CURVE ( 'NONE', #496, #108, #21, .T. ) ;
#1021 = DIRECTION ( 'NONE',  ( 0.000000000000000000, 0.000000000000000000, -1.000000000000000000 ) ) ;
#1022 = AXIS2_PLACEMENT_3D ( 'NONE', #1245, #439, #378 ) ;
#1023 = DIRECTION ( 'NONE',  ( -1.145572106777136737E-16, -1.000000000000000000, 0.000000000000000000 ) ) ;
#1024 = VERTEX_POINT ( 'NONE', #315 ) ;
#1025 = LINE ( 'NONE', #728, #1070 ) ;
#1026 = VERTEX_POINT ( 'NONE', #906 ) ;
#1027 = ORIENTED_EDGE ( 'NONE', *, *, #1868, .F. ) ;
#1028 = DIRECTION ( 'NONE',  ( -0.000000000000000000, -0.000000000000000000, -1.000000000000000000 ) ) ;
#1029 = DIRECTION ( 'NONE',  ( 0.000000000000000000, -1.000000000000000000, 0.000000000000000000 ) ) ;
#1030 = ADVANCED_FACE ( 'NONE', ( #1499 ), #1804, .F. ) ;
#1031 = CARTESIAN_POINT ( 'NONE',  ( 75.00000156960619790, 2.999999463558197021, 2.499999999999999556 ) ) ;
#1032 = EDGE_LOOP ( 'NONE', ( #530, #1610, #1186, #1740 ) ) ;
#1033 = DIRECTION ( 'NONE',  ( 0.000000000000000000, 1.000000000000000000, -0.000000000000000000 ) ) ;
#1034 = PERSON_AND_ORGANIZATION_ROLE ( 'creator' ) ;
#1035 = CARTESIAN_POINT ( 'NONE',  ( 7.242643322797177596, 50.00000000000000000, 0.000000000000000000 ) ) ;
#1036 = CIRCLE ( 'NONE', #212, 1.500000000000001332 ) ;
#1037 = VERTEX_POINT ( 'NONE', #1223 ) ;
#1038 = DIRECTION ( 'NONE',  ( -1.224641833315639757E-16, 1.000000000000000000, -0.000000000000000000 ) ) ;
#1039 = PLANE ( 'NONE',  #204 ) ;
#1040 = CARTESIAN_POINT ( 'NONE',  ( 30.29991751520976706, 62.69999999999998863, -1.700000000000000622 ) ) ;
#1041 = VECTOR ( 'NONE', #773, 1000.000000000000000 ) ;
#1042 = ADVANCED_FACE ( 'NONE', ( #373 ), #1362, .F. ) ;
#1043 = DIRECTION ( 'NONE',  ( 0.000000000000000000, -1.000000000000000000, 0.000000000000000000 ) ) ;
#1044 = CARTESIAN_POINT ( 'NONE',  ( 74.99991751520975924, 38.50000000000000000, -4.500000000000000000 ) ) ;
#1045 = EDGE_LOOP ( 'NONE', ( #1713, #1145, #1208, #930, #431, #1671, #820, #230, #1597, #365, #284, #37, #978, #598 ) ) ;
#1046 = ORIENTED_EDGE ( 'NONE', *, *, #682, .T. ) ;
#1047 = FACE_OUTER_BOUND ( 'NONE', #686, .T. ) ;
#1048 = LINE ( 'NONE', #1623, #788 ) ;
#1049 = DIRECTION ( 'NONE',  ( 0.000000000000000000, -1.000000000000000000, 0.000000000000000000 ) ) ;
#1050 = ORGANIZATION ( 'æœª', 'æœª', '' ) ;
#1051 = DATE_TIME_ROLE ( 'classification_date' ) ;
#1052 = FACE_OUTER_BOUND ( 'NONE', #738, .T. ) ;
#1053 = ADVANCED_FACE ( 'NONE', ( #1241, #807, #1666, #1229, #1676 ), #1072, .T. ) ;
#1054 = EDGE_CURVE ( 'NONE', #533, #956, #558, .T. ) ;
#1055 = DIRECTION ( 'NONE',  ( 0.000000000000000000, 0.000000000000000000, -1.000000000000000000 ) ) ;
#1056 = AXIS2_PLACEMENT_3D ( 'NONE', #193, #1797, #1064 ) ;
#1057 = ORIENTED_EDGE ( 'NONE', *, *, #1681, .T. ) ;
#1058 = CARTESIAN_POINT ( 'NONE',  ( 74.99991751520975924, 7.242556096281049349, -4.500000000000000000 ) ) ;
#1059 = LINE ( 'NONE', #1904, #356 ) ;
#1060 = DIRECTION ( 'NONE',  ( -0.000000000000000000, 0.000000000000000000, 1.000000000000000000 ) ) ;
#1061 = DIRECTION ( 'NONE',  ( 1.000000000000000000, -1.223202451009287022E-16, 0.000000000000000000 ) ) ;
#1062 = DIRECTION ( 'NONE',  ( 0.000000000000000000, -0.000000000000000000, 1.000000000000000000 ) ) ;
#1063 = APPROVAL_ROLE ( '' ) ;
#1064 = DIRECTION ( 'NONE',  ( 0.000000000000000000, 0.000000000000000000, -1.000000000000000000 ) ) ;
#1065 = CARTESIAN_POINT ( 'NONE',  ( -8.248479023402148079E-05, 51.50000000000000000, -4.500000000000000000 ) ) ;
#1066 = EDGE_CURVE ( 'NONE', #1882, #1280, #1087, .T. ) ;
#1067 = EDGE_LOOP ( 'NONE', ( #1135, #744, #1288, #846, #1408 ) ) ;
#1068 = FACE_OUTER_BOUND ( 'NONE', #1137, .T. ) ;
#1069 = AXIS2_PLACEMENT_3D ( 'NONE', #1473, #755, #1333 ) ;
#1070 = VECTOR ( 'NONE', #1172, 1000.000000000000000 ) ;
#1071 = PLANE ( 'NONE',  #19 ) ;
#1072 = PLANE ( 'NONE',  #423 ) ;
#1073 = ORIENTED_EDGE ( 'NONE', *, *, #1175, .T. ) ;
#1074 = EDGE_CURVE ( 'NONE', #1557, #1108, #936, .T. ) ;
#1075 = DIRECTION ( 'NONE',  ( 1.000000000000000000, 2.178842789300671692E-32, 0.000000000000000000 ) ) ;
#1076 = DIRECTION ( 'NONE',  ( 1.000000000000000000, 0.000000000000000000, 0.000000000000000000 ) ) ;
#1077 = EDGE_CURVE ( 'NONE', #622, #1451, #1761, .T. ) ;
#1078 = DIRECTION ( 'NONE',  ( 1.000000000000000000, 0.000000000000000000, 0.000000000000000000 ) ) ;
#1079 = DIRECTION ( 'NONE',  ( 1.000000000000000000, 0.000000000000000000, 0.000000000000000000 ) ) ;
#1080 = CARTESIAN_POINT ( 'NONE',  ( 38.94971070217585662, 53.00000000000000711, -1.687606362882066113 ) ) ;
#1081 = CARTESIAN_POINT ( 'NONE',  ( 1.499917515209766128, 53.00000000000000000, 1.000000000000000000 ) ) ;
#1082 = DIRECTION ( 'NONE',  ( -1.000000000000000000, -1.224641833315640004E-16, -0.000000000000000000 ) ) ;
#1083 = VERTEX_POINT ( 'NONE', #943 ) ;
#1084 = PERSON ( 'æœª', 'æœª', 'æœª', ('æœª'), ('æœª'), ('æœª') ) ;
#1085 = CARTESIAN_POINT ( 'NONE',  ( 1.499917515209772123, 1.500000000000000000, -4.499999999999999112 ) ) ;
#1086 = EDGE_CURVE ( 'NONE', #224, #1283, #923, .T. ) ;
#1087 = LINE ( 'NONE', #226, #1512 ) ;
#1088 = AXIS2_PLACEMENT_3D ( 'NONE', #1498, #179, #758 ) ;
#1089 = DIRECTION ( 'NONE',  ( -1.000000000000000000, -1.224641833315640004E-16, -0.000000000000000000 ) ) ;
#1090 = CARTESIAN_POINT ( 'NONE',  ( 76.49991751520975924, 1.500000000000001332, 2.500000000000000000 ) ) ;
#1091 = ORIENTED_EDGE ( 'NONE', *, *, #1054, .F. ) ;
#1092 = CARTESIAN_POINT ( 'NONE',  ( 42.40699368144974812, 53.00000000000000000, -1.700000000000000622 ) ) ;
#1093 = CARTESIAN_POINT ( 'NONE',  ( -8.248479023420518530E-05, 51.50000000000000000, 2.500000000000000000 ) ) ;
#1094 = VECTOR ( 'NONE', #1874, 1000.000000000000000 ) ;
#1095 = AXIS2_PLACEMENT_3D ( 'NONE', #914, #1161, #1506 ) ;
#1096 = VECTOR ( 'NONE', #197, 1000.000000000000114 ) ;
#1097 = DIRECTION ( 'NONE',  ( 0.000000000000000000, 1.000000000000000000, 0.000000000000000000 ) ) ;
#1098 = ADVANCED_FACE ( 'NONE', ( #928 ), #666, .F. ) ;
#1099 = FACE_OUTER_BOUND ( 'NONE', #581, .T. ) ;
#1100 = VERTEX_POINT ( 'NONE', #1692 ) ;
#1101 = ORIENTED_EDGE ( 'NONE', *, *, #1778, .T. ) ;
#1102 = DIRECTION ( 'NONE',  ( 1.000000000000000000, 1.370645709413774269E-15, 0.000000000000000000 ) ) ;
#1103 = DIRECTION ( 'NONE',  ( 0.000000000000000000, -1.000000000000000000, -8.673617379884035472E-16 ) ) ;
#1104 = VERTEX_POINT ( 'NONE', #779 ) ;
#1105 = AXIS2_PLACEMENT_3D ( 'NONE', #1164, #587, #1785 ) ;
#1106 = CC_DESIGN_APPROVAL ( #1018, ( #809 ) ) ;
#1107 = ADVANCED_FACE ( 'NONE', ( #191 ), #1533, .F. ) ;
#1108 = VERTEX_POINT ( 'NONE', #492 ) ;
#1109 = CARTESIAN_POINT ( 'NONE',  ( 0.000000000000000000, 51.50000000000000000, 1.000000000000000000 ) ) ;
#1110 = ORIENTED_EDGE ( 'NONE', *, *, #1554, .T. ) ;
#1111 = CARTESIAN_POINT ( 'NONE',  ( 76.49991751520975924, 1.500000000000000000, 1.000000000000000000 ) ) ;
#1112 = CARTESIAN_POINT ( 'NONE',  ( 1.499917515209772123, 1.500000000000000000, 1.000000000000000000 ) ) ;
#1113 = VECTOR ( 'NONE', #1213, 1000.000000000000000 ) ;
#1114 = ORIENTED_EDGE ( 'NONE', *, *, #41, .T. ) ;
#1115 = AXIS2_PLACEMENT_3D ( 'NONE', #1758, #424, #1198 ) ;
#1116 = ORIENTED_EDGE ( 'NONE', *, *, #116, .F. ) ;
#1117 = CARTESIAN_POINT ( 'NONE',  ( 2.999917515209759689, 2.048669795585607003E-16, -0.4999999999999943934 ) ) ;
#1118 = DIRECTION ( 'NONE',  ( -0.000000000000000000, 0.000000000000000000, 1.000000000000000000 ) ) ;
#1119 = EDGE_CURVE ( 'NONE', #536, #1227, #892, .T. ) ;
#1120 = EDGE_LOOP ( 'NONE', ( #856, #1793, #103, #1290, #805, #590, #305, #1735, #174 ) ) ;
#1121 = FACE_OUTER_BOUND ( 'NONE', #1569, .T. ) ;
#1122 = LINE ( 'NONE', #559, #385 ) ;
#1123 = EDGE_LOOP ( 'NONE', ( #1101, #525, #948 ) ) ;
#1124 = DIRECTION ( 'NONE',  ( 0.000000000000000000, 0.000000000000000000, -1.000000000000000000 ) ) ;
#1125 = AXIS2_PLACEMENT_3D ( 'NONE', #1291, #715, #832 ) ;
#1126 = CIRCLE ( 'NONE', #1734, 11.75000000000000355 ) ;
#1127 = VERTEX_POINT ( 'NONE', #1654 ) ;
#1128 = VERTEX_POINT ( 'NONE', #1802 ) ;
#1129 = CARTESIAN_POINT ( 'NONE',  ( 35.99991751520977346, 62.69999999999997442, 2.500000000000000000 ) ) ;
#1130 = CARTESIAN_POINT ( 'NONE',  ( 3.669607353027861313E-16, 3.000000000000000000, 0.000000000000000000 ) ) ;
#1131 = CC_DESIGN_PERSON_AND_ORGANIZATION_ASSIGNMENT ( #1920, #629, ( #809 ) ) ;
#1132 = EDGE_CURVE ( 'NONE', #1472, #1037, #1646, .T. ) ;
#1133 = VERTEX_POINT ( 'NONE', #881 ) ;
#1134 = CARTESIAN_POINT ( 'NONE',  ( 39.55753812924487534, 72.17939663515522852, -0.2000000000000005107 ) ) ;
#1135 = ORIENTED_EDGE ( 'NONE', *, *, #231, .F. ) ;
#1136 = VECTOR ( 'NONE', #1418, 1000.000000000000000 ) ;
#1137 = EDGE_LOOP ( 'NONE', ( #408, #911, #1469, #1650, #605 ) ) ;
#1138 = VERTEX_POINT ( 'NONE', #147 ) ;
#1139 = CARTESIAN_POINT ( 'NONE',  ( 42.40699368144974812, 53.00000000000000000, 1.000000000000000000 ) ) ;
#1140 = CARTESIAN_POINT ( 'NONE',  ( 7.242641458869545801, 2.999999999999999112, 0.000000000000000000 ) ) ;
#1141 = AXIS2_PLACEMENT_3D ( 'NONE', #1488, #162, #293 ) ;
#1142 = ORIENTED_EDGE ( 'NONE', *, *, #276, .F. ) ;
#1143 = EDGE_CURVE ( 'NONE', #970, #241, #584, .T. ) ;
#1144 = AXIS2_PLACEMENT_3D ( 'NONE', #1330, #1509, #1205 ) ;
#1145 = ORIENTED_EDGE ( 'NONE', *, *, #1119, .T. ) ;
#1146 = EDGE_LOOP ( 'NONE', ( #860, #292 ) ) ;
#1147 = EDGE_LOOP ( 'NONE', ( #59, #379, #730, #1321, #443, #1765, #849, #999 ) ) ;
#1148 = DIRECTION ( 'NONE',  ( -1.000000000000000000, -1.224641833315640004E-16, 0.000000000000000000 ) ) ;
#1149 = CARTESIAN_POINT ( 'NONE',  ( 39.11450015177608464, 51.50000000000000000, 2.500000000000000000 ) ) ;
#1150 = ORIENTED_EDGE ( 'NONE', *, *, #650, .F. ) ;
#1151 = EDGE_CURVE ( 'NONE', #1621, #1171, #749, .T. ) ;
#1152 = AXIS2_PLACEMENT_3D ( 'NONE', #1111, #1603, #1586 ) ;
#1153 = EDGE_CURVE ( 'NONE', #3, #733, #735, .T. ) ;
#1154 = CIRCLE ( 'NONE', #334, 11.75000000000000355 ) ;
#1155 = ADVANCED_FACE ( 'NONE', ( #456 ), #1664, .F. ) ;
#1156 = AXIS2_PLACEMENT_3D ( 'NONE', #176, #765, #133 ) ;
#1157 = VERTEX_POINT ( 'NONE', #323 ) ;
#1158 = ORIENTED_EDGE ( 'NONE', *, *, #1881, .T. ) ;
#1159 = CARTESIAN_POINT ( 'NONE',  ( 3.669607353027861313E-16, 3.000000000000000000, -4.500000000000000000 ) ) ;
#1160 = CARTESIAN_POINT ( 'NONE',  ( 74.99991751520975924, 49.99999999999999289, -4.500000000000000000 ) ) ;
#1161 = DIRECTION ( 'NONE',  ( -0.000000000000000000, 0.000000000000000000, 1.000000000000000000 ) ) ;
#1162 = ORIENTED_EDGE ( 'NONE', *, *, #76, .T. ) ;
#1163 =( NAMED_UNIT ( * ) PLANE_ANGLE_UNIT ( ) SI_UNIT ( $, .RADIAN. ) );
#1164 = CARTESIAN_POINT ( 'NONE',  ( 30.29991751520976706, 62.69999999999998863, -0.2000000000000005107 ) ) ;
#1165 = CARTESIAN_POINT ( 'NONE',  ( 77.99991751520975924, 0.000000000000000000, -4.500000000000000000 ) ) ;
#1166 = EDGE_CURVE ( 'NONE', #1585, #108, #150, .T. ) ;
#1167 = ORIENTED_EDGE ( 'NONE', *, *, #778, .F. ) ;
#1168 = LINE ( 'NONE', #1632, #22 ) ;
#1169 = DIRECTION ( 'NONE',  ( -1.000000000000000000, 0.000000000000000000, 0.000000000000000000 ) ) ;
#1170 = CARTESIAN_POINT ( 'NONE',  ( 0.000000000000000000, 38.50000000000000000, -4.500000000000000000 ) ) ;
#1171 = VERTEX_POINT ( 'NONE', #1475 ) ;
#1172 = DIRECTION ( 'NONE',  ( 1.000000000000000000, -0.000000000000000000, -0.000000000000000000 ) ) ;
#1173 = DIRECTION ( 'NONE',  ( 1.000000000000000000, 0.000000000000000000, 0.000000000000000000 ) ) ;
#1174 = VERTEX_POINT ( 'NONE', #894 ) ;
#1175 = EDGE_CURVE ( 'NONE', #108, #570, #1250, .T. ) ;
#1176 = DIRECTION ( 'NONE',  ( 1.445602896647339163E-16, -1.000000000000000000, 0.000000000000000000 ) ) ;
#1177 = DIRECTION ( 'NONE',  ( 0.000000000000000000, 1.000000000000000000, 0.000000000000000000 ) ) ;
#1178 = VECTOR ( 'NONE', #1703, 1000.000000000000000 ) ;
#1179 = DIRECTION ( 'NONE',  ( -1.000000000000000000, -1.224641833315640004E-16, -0.000000000000000000 ) ) ;
#1180 = ORIENTED_EDGE ( 'NONE', *, *, #1638, .F. ) ;
#1181 = DIRECTION ( 'NONE',  ( -0.000000000000000000, 0.000000000000000000, 1.000000000000000000 ) ) ;
#1182 = CALENDAR_DATE ( 2026, 25, 4 ) ;
#1183 = ORIENTED_EDGE ( 'NONE', *, *, #55, .T. ) ;
#1184 = VECTOR ( 'NONE', #140, 1000.000000000000000 ) ;
#1185 = AXIS2_PLACEMENT_3D ( 'NONE', #490, #1702, #638 ) ;
#1186 = ORIENTED_EDGE ( 'NONE', *, *, #1818, .F. ) ;
#1187 = SPHERICAL_SURFACE ( 'NONE', #981, 1.500000000000000000 ) ;
#1188 = CARTESIAN_POINT ( 'NONE',  ( 74.99991751520975924, 0.000000000000000000, -0.000000000000000000 ) ) ;
#1189 = DIRECTION ( 'NONE',  ( -1.000000000000000000, 0.000000000000000000, 0.000000000000000000 ) ) ;
#1190 = CLOSED_SHELL ( 'NONE', ( #1673, #1715, #1518, #1348, #1030, #1396, #845, #1155, #811, #81, #202, #384, #337, #244, #94, #1053, #1384, #1913, #1098, #1107, #569, #545, #1042, #896, #1491, #1412, #987, #53, #164, #264, #707, #1541, #1293, #1634, #532, #1502, #588, #944, #498, #1477, #1899, #819, #880, #188, #375, #340, #754, #139, #1660, #1576, #1860, #1609, #1649, #1912, #1217, #13, #1752, #1836 ) ) ;
#1191 = CC_DESIGN_DATE_AND_TIME_ASSIGNMENT ( #450, #1051, ( #1835 ) ) ;
#1192 = EDGE_CURVE ( 'NONE', #1280, #441, #1378, .T. ) ;
#1193 = LINE ( 'NONE', #1489, #1577 ) ;
#1194 = APPROVAL_ROLE ( '' ) ;
#1195 = CARTESIAN_POINT ( 'NONE',  ( 40.08459303502785076, 73.58375169221525880, 2.500000000000000000 ) ) ;
#1196 = ORIENTED_EDGE ( 'NONE', *, *, #613, .F. ) ;
#1197 = CARTESIAN_POINT ( 'NONE',  ( -21.37867833860142852, 21.37867833860155287, -0.000000000000000000 ) ) ;
#1198 = DIRECTION ( 'NONE',  ( 0.000000000000000000, 0.000000000000000000, -1.000000000000000000 ) ) ;
#1199 = ORIENTED_EDGE ( 'NONE', *, *, #718, .T. ) ;
#1200 = LINE ( 'NONE', #136, #676 ) ;
#1201 = FACE_OUTER_BOUND ( 'NONE', #673, .T. ) ;
#1202 = CARTESIAN_POINT ( 'NONE',  ( 38.00169115695649680, 53.00000000000001421, -1.437742583556035347 ) ) ;
#1203 = EDGE_CURVE ( 'NONE', #1455, #1271, #1635, .T. ) ;
#1204 = COORDINATED_UNIVERSAL_TIME_OFFSET ( 8, 0, .AHEAD. ) ;
#1205 = DIRECTION ( 'NONE',  ( 1.000000000000000000, 0.000000000000000000, 0.000000000000000000 ) ) ;
#1206 = PLANE ( 'NONE',  #800 ) ;
#1207 = AXIS2_PLACEMENT_3D ( 'NONE', #1706, #1403, #551 ) ;
#1208 = ORIENTED_EDGE ( 'NONE', *, *, #1848, .F. ) ;
#1209 = DIRECTION ( 'NONE',  ( 0.000000000000000000, 1.000000000000000000, 0.000000000000000000 ) ) ;
#1210 = DIRECTION ( 'NONE',  ( -2.178842789300671692E-32, 1.000000000000000000, 0.000000000000000000 ) ) ;
#1211 = DIRECTION ( 'NONE',  ( 1.000000000000000000, 0.000000000000000000, 0.000000000000000000 ) ) ;
#1212 = PERSON_AND_ORGANIZATION_ROLE ( 'design_supplier' ) ;
#1213 = DIRECTION ( 'NONE',  ( 0.000000000000000000, 1.000000000000000000, 0.000000000000000000 ) ) ;
#1214 = EDGE_CURVE ( 'NONE', #1838, #1174, #1200, .T. ) ;
#1215 = PLANE ( 'NONE',  #863 ) ;
#1216 = EDGE_CURVE ( 'NONE', #1888, #966, #1220, .T. ) ;
#1217 = ADVANCED_FACE ( 'NONE', ( #313 ), #1326, .T. ) ;
#1218 = DIRECTION ( 'NONE',  ( -0.000000000000000000, -0.000000000000000000, 1.000000000000000000 ) ) ;
#1219 = CIRCLE ( 'NONE', #1825, 1.499999999999999556 ) ;
#1220 = CIRCLE ( 'NONE', #615, 1.500000000000001332 ) ;
#1221 = AXIS2_PLACEMENT_3D ( 'NONE', #517, #636, #1394 ) ;
#1222 = CARTESIAN_POINT ( 'NONE',  ( 4.199917515209768304, 39.29999923706054688, -2.033407071437505715E-36 ) ) ;
#1223 = CARTESIAN_POINT ( 'NONE',  ( 1.550005272347671603, 50.00000263666979095, 2.499999999999999556 ) ) ;
#1224 = SPHERICAL_SURFACE ( 'NONE', #1719, 1.500000000000000000 ) ;
#1225 = DIRECTION ( 'NONE',  ( 0.000000000000000000, 0.000000000000000000, -1.000000000000000000 ) ) ;
#1226 = EDGE_CURVE ( 'NONE', #670, #1451, #1624, .T. ) ;
#1227 = VERTEX_POINT ( 'NONE', #1792 ) ;
#1228 = CARTESIAN_POINT ( 'NONE',  ( 76.49991751520975924, 20.99999999999999645, -4.500000000000000000 ) ) ;
#1229 = FACE_BOUND ( 'NONE', #318, .T. ) ;
#1230 = VECTOR ( 'NONE', #1647, 1000.000000000000000 ) ;
#1231 = DIRECTION ( 'NONE',  ( 0.000000000000000000, 0.000000000000000000, -1.000000000000000000 ) ) ;
#1232 = DIRECTION ( 'NONE',  ( 0.000000000000000000, 1.000000000000000000, 0.000000000000000000 ) ) ;
#1233 = ORIENTED_EDGE ( 'NONE', *, *, #695, .T. ) ;
#1234 = FACE_OUTER_BOUND ( 'NONE', #1701, .T. ) ;
#1235 = AXIS2_PLACEMENT_3D ( 'NONE', #495, #789, #929 ) ;
#1236 = EDGE_CURVE ( 'NONE', #1487, #1709, #1769, .T. ) ;
#1237 = VERTEX_POINT ( 'NONE', #902 ) ;
#1238 = DIRECTION ( 'NONE',  ( 0.000000000000000000, 1.000000000000000000, -1.445602896647339656E-16 ) ) ;
#1239 = DIRECTION ( 'NONE',  ( 0.000000000000000000, 0.000000000000000000, -1.000000000000000000 ) ) ;
#1240 = EDGE_CURVE ( 'NONE', #966, #263, #1497, .T. ) ;
#1241 = FACE_BOUND ( 'NONE', #1471, .T. ) ;
#1242 = DIRECTION ( 'NONE',  ( 0.000000000000000000, 0.000000000000000000, 1.000000000000000000 ) ) ;
#1243 = VECTOR ( 'NONE', #942, 1000.000000000000114 ) ;
#1244 = ORIENTED_EDGE ( 'NONE', *, *, #1519, .T. ) ;
#1245 = CARTESIAN_POINT ( 'NONE',  ( 39.55753812924486823, 72.17939663515522852, -0.2000000000000005107 ) ) ;
#1246 = ORIENTED_EDGE ( 'NONE', *, *, #995, .F. ) ;
#1247 = DIRECTION ( 'NONE',  ( -1.000000000000000000, 0.000000000000000000, 0.000000000000000000 ) ) ;
#1248 = LINE ( 'NONE', #1856, #1243 ) ;
#1249 = AXIS2_PLACEMENT_3D ( 'NONE', #1085, #1855, #1247 ) ;
#1250 = CIRCLE ( 'NONE', #1095, 13.25000000000000533 ) ;
#1251 = CIRCLE ( 'NONE', #1607, 1.500000000000001332 ) ;
#1252 = DIRECTION ( 'NONE',  ( 1.000000000000000000, -0.000000000000000000, -0.000000000000000000 ) ) ;
#1253 = ORIENTED_EDGE ( 'NONE', *, *, #66, .T. ) ;
#1254 = EDGE_CURVE ( 'NONE', #370, #733, #889, .T. ) ;
#1255 = CARTESIAN_POINT ( 'NONE',  ( 74.99991751520975924, 38.50000000000000000, -4.500000000000000000 ) ) ;
#1256 = EDGE_LOOP ( 'NONE', ( #1546, #990 ) ) ;
#1257 = FACE_OUTER_BOUND ( 'NONE', #1894, .T. ) ;
#1258 = VERTEX_POINT ( 'NONE', #17 ) ;
#1259 = CARTESIAN_POINT ( 'NONE',  ( 36.93109388143621175, 53.00000000000000000, -1.700000000000000622 ) ) ;
#1260 = ORIENTED_EDGE ( 'NONE', *, *, #1837, .F. ) ;
#1261 = DIRECTION ( 'NONE',  ( 1.000000000000000000, 0.000000000000000000, 0.000000000000000000 ) ) ;
#1262 = EDGE_CURVE ( 'NONE', #370, #1487, #616, .T. ) ;
#1263 = VECTOR ( 'NONE', #535, 1000.000000000000000 ) ;
#1264 = ORIENTED_EDGE ( 'NONE', *, *, #1214, .T. ) ;
#1265 = DIRECTION ( 'NONE',  ( 0.000000000000000000, 0.000000000000000000, -1.000000000000000000 ) ) ;
#1266 = ORIENTED_EDGE ( 'NONE', *, *, #409, .F. ) ;
#1267 = DIRECTION ( 'NONE',  ( 0.000000000000000000, 0.000000000000000000, -1.000000000000000000 ) ) ;
#1268 = CARTESIAN_POINT ( 'NONE',  ( 33.85273329990789648, 51.50000000000000000, 2.500000000000000000 ) ) ;
#1269 = ORIENTED_EDGE ( 'NONE', *, *, #1598, .T. ) ;
#1270 = FACE_OUTER_BOUND ( 'NONE', #267, .T. ) ;
#1271 = VERTEX_POINT ( 'NONE', #806 ) ;
#1272 = CYLINDRICAL_SURFACE ( 'NONE', #838, 1.500000000000000000 ) ;
#1273 = EDGE_CURVE ( 'NONE', #383, #1171, #1003, .T. ) ;
#1274 = EDGE_CURVE ( 'NONE', #571, #1283, #303, .T. ) ;
#1275 = ORIENTED_EDGE ( 'NONE', *, *, #717, .F. ) ;
#1276 = CYLINDRICAL_SURFACE ( 'NONE', #1125, 1.449999999999999956 ) ;
#1277 = CARTESIAN_POINT ( 'NONE',  ( 76.49991751520975924, 53.00000000000000000, -4.500000000000000000 ) ) ;
#1278 = VERTEX_POINT ( 'NONE', #38 ) ;
#1279 = AXIS2_PLACEMENT_3D ( 'NONE', #701, #268, #1883 ) ;
#1280 = VERTEX_POINT ( 'NONE', #926 ) ;
#1281 = CIRCLE ( 'NONE', #560, 1.500000000000001332 ) ;
#1282 = EDGE_CURVE ( 'NONE', #441, #1280, #1759, .T. ) ;
#1283 = VERTEX_POINT ( 'NONE', #1821 ) ;
#1284 = DIRECTION ( 'NONE',  ( 0.000000000000000000, 0.000000000000000000, -1.000000000000000000 ) ) ;
#1285 = DIRECTION ( 'NONE',  ( 1.000000000000000000, -1.223202451009287022E-16, 0.000000000000000000 ) ) ;
#1286 = ORIENTED_EDGE ( 'NONE', *, *, #1751, .F. ) ;
#1287 = CARTESIAN_POINT ( 'NONE',  ( -8.248479022771458189E-05, -6.857624672468810846E-17, -0.4999999999999941713 ) ) ;
#1288 = ORIENTED_EDGE ( 'NONE', *, *, #1435, .T. ) ;
#1289 = VECTOR ( 'NONE', #954, 1000.000000000000000 ) ;
#1290 = ORIENTED_EDGE ( 'NONE', *, *, #1435, .F. ) ;
#1291 = CARTESIAN_POINT ( 'NONE',  ( 3.000005272347671337, 50.00000263666979095, -4.500000000000000000 ) ) ;
#1292 = FACE_OUTER_BOUND ( 'NONE', #704, .T. ) ;
#1293 = ADVANCED_FACE ( 'NONE', ( #528 ), #1071, .F. ) ;
#1294 = ORIENTED_EDGE ( 'NONE', *, *, #135, .T. ) ;
#1295 = EDGE_CURVE ( 'NONE', #1625, #1258, #553, .T. ) ;
#1296 = CARTESIAN_POINT ( 'NONE',  ( 73.55000156960619506, 2.999999463558197021, 2.499999999999999556 ) ) ;
#1297 = FACE_OUTER_BOUND ( 'NONE', #1332, .T. ) ;
#1298 = ORIENTED_EDGE ( 'NONE', *, *, #153, .T. ) ;
#1299 = ORIENTED_EDGE ( 'NONE', *, *, #1, .T. ) ;
#1300 = FACE_OUTER_BOUND ( 'NONE', #349, .T. ) ;
#1301 = DIRECTION ( 'NONE',  ( 0.000000000000000000, 1.000000000000000000, -1.371322905910519414E-16 ) ) ;
#1302 = DIRECTION ( 'NONE',  ( -1.000000000000000000, 0.000000000000000000, 0.000000000000000000 ) ) ;
#1303 = ORIENTED_EDGE ( 'NONE', *, *, #1005, .T. ) ;
#1304 = DIRECTION ( 'NONE',  ( 1.000000000000000000, 0.000000000000000000, 0.000000000000000000 ) ) ;
#1305 = EDGE_CURVE ( 'NONE', #570, #3, #675, .T. ) ;
#1306 = CARTESIAN_POINT ( 'NONE',  ( 3.000001308192072891, 2.999999463558197021, 2.499999999999999556 ) ) ;
#1307 = AXIS2_PLACEMENT_3D ( 'NONE', #1440, #99, #821 ) ;
#1308 = AXIS2_PLACEMENT_3D ( 'NONE', #1771, #1181, #1317 ) ;
#1309 = ORIENTED_EDGE ( 'NONE', *, *, #1305, .T. ) ;
#1310 = CIRCLE ( 'NONE', #1853, 1.449999999999999956 ) ;
#1311 = EDGE_LOOP ( 'NONE', ( #12, #753, #376, #1613 ) ) ;
#1312 = CARTESIAN_POINT ( 'NONE',  ( 76.49991751520975924, 38.50000000000000000, -0.5000000000000014433 ) ) ;
#1313 = FACE_OUTER_BOUND ( 'NONE', #1032, .T. ) ;
#1314 = CARTESIAN_POINT ( 'NONE',  ( 46.12491751520976635, 62.69999999999997442, -0.2000000000000005107 ) ) ;
#1315 = VERTEX_POINT ( 'NONE', #1530 ) ;
#1316 = CYLINDRICAL_SURFACE ( 'NONE', #1088, 11.62499999999999645 ) ;
#1317 = DIRECTION ( 'NONE',  ( 1.000000000000000000, 0.000000000000000000, 0.000000000000000000 ) ) ;
#1318 = CARTESIAN_POINT ( 'NONE',  ( 42.07828134994105085, 52.99999999999998579, -0.9196880671386875594 ) ) ;
#1319 = EDGE_CURVE ( 'NONE', #1605, #958, #1219, .T. ) ;
#1320 = EDGE_LOOP ( 'NONE', ( #390, #7, #413 ) ) ;
#1321 = ORIENTED_EDGE ( 'NONE', *, *, #685, .F. ) ;
#1322 = CIRCLE ( 'NONE', #317, 11.62499999999999645 ) ;
#1323 = EDGE_LOOP ( 'NONE', ( #875, #1393, #142, #803 ) ) ;
#1324 = CARTESIAN_POINT ( 'NONE',  ( 2.999917515209759689, -3.436621828056477555E-16, 0.000000000000000000 ) ) ;
#1325 = CARTESIAN_POINT ( 'NONE',  ( 1.499917515209766128, 53.00000000000000000, 2.500000000000000000 ) ) ;
#1326 = CYLINDRICAL_SURFACE ( 'NONE', #1545, 1.500000000000000000 ) ;
#1327 = EDGE_LOOP ( 'NONE', ( #1027, #1430, #975, #74 ) ) ;
#1328 = PLANE ( 'NONE',  #1308 ) ;
#1329 = APPROVAL_STATUS ( 'not_yet_approved' ) ;
#1330 = CARTESIAN_POINT ( 'NONE',  ( 76.49991751520975924, 40.00000000000000000, 2.500000000000000000 ) ) ;
#1331 = CARTESIAN_POINT ( 'NONE',  ( 76.49991751520975924, 0.000000000000000000, 1.000000000000000000 ) ) ;
#1332 = EDGE_LOOP ( 'NONE', ( #746, #1744, #694, #221 ) ) ;
#1333 = DIRECTION ( 'NONE',  ( -1.000000000000000000, -1.224641833315639757E-16, 0.000000000000000000 ) ) ;
#1334 = DIRECTION ( 'NONE',  ( 0.000000000000000000, 0.000000000000000000, -1.000000000000000000 ) ) ;
#1335 = VECTOR ( 'NONE', #1285, 1000.000000000000000 ) ;
#1336 = ORIENTED_EDGE ( 'NONE', *, *, #223, .T. ) ;
#1337 = DIRECTION ( 'NONE',  ( 1.000000000000000000, 0.000000000000000000, 0.000000000000000000 ) ) ;
#1338 = CARTESIAN_POINT ( 'NONE',  ( 36.93109388143621175, 53.00000000000000000, -0.2000000000000005107 ) ) ;
#1339 = ADVANCED_BREP_SHAPE_REPRESENTATION ( 'K230\X2\540e76d6\X0\', ( #499, #1712 ), #438 ) ;
#1340 = DIRECTION ( 'NONE',  ( 1.000000000000000000, 0.000000000000000000, 0.000000000000000000 ) ) ;
#1341 = DATE_TIME_ROLE ( 'creation_date' ) ;
#1342 = DIRECTION ( 'NONE',  ( -1.000000000000000000, 0.000000000000000000, 0.000000000000000000 ) ) ;
#1343 = VECTOR ( 'NONE', #207, 1000.000000000000000 ) ;
#1344 = AXIS2_PLACEMENT_3D ( 'NONE', #434, #1021, #1169 ) ;
#1345 = AXIS2_PLACEMENT_3D ( 'NONE', #1757, #583, #1800 ) ;
#1346 = DIRECTION ( 'NONE',  ( 0.000000000000000000, 0.000000000000000000, -1.000000000000000000 ) ) ;
#1347 = CARTESIAN_POINT ( 'NONE',  ( 74.99991751520975924, 49.99999999999999289, -4.500000000000000000 ) ) ;
#1348 = ADVANCED_FACE ( 'NONE', ( #1521 ), #189, .T. ) ;
#1349 = CARTESIAN_POINT ( 'NONE',  ( -3.268264183951007538E-32, 1.500000000000000000, 1.000000000000000000 ) ) ;
#1350 = CIRCLE ( 'NONE', #464, 1.449999999999999734 ) ;
#1351 = CARTESIAN_POINT ( 'NONE',  ( -8.248479022924538049E-05, 12.49999923706054972, -4.500000000000000000 ) ) ;
#1352 = CARTESIAN_POINT ( 'NONE',  ( 39.19632688662326103, 53.00000000000000000, -1.697411652398921555 ) ) ;
#1353 = APPROVAL_DATE_TIME ( #1795, #1775 ) ;
#1354 = FACE_OUTER_BOUND ( 'NONE', #1045, .T. ) ;
#1355 = VERTEX_POINT ( 'NONE', #341 ) ;
#1356 = DIRECTION ( 'NONE',  ( 1.000000000000000000, 0.000000000000000000, 0.000000000000000000 ) ) ;
#1357 = AXIS2_PLACEMENT_3D ( 'NONE', #1446, #1004, #1763 ) ;
#1358 = VECTOR ( 'NONE', #840, 1000.000000000000000 ) ;
#1359 = CARTESIAN_POINT ( 'NONE',  ( -8.248479022771458189E-05, -1.699538841808613877E-30, 2.500000000000000000 ) ) ;
#1360 = LOCAL_TIME ( 23, 0, 30.00000000000000000, #907 ) ;
#1361 = EDGE_CURVE ( 'NONE', #1585, #956, #905, .T. ) ;
#1362 = PLANE ( 'NONE',  #119 ) ;
#1363 = EDGE_CURVE ( 'NONE', #287, #1009, #391, .T. ) ;
#1364 = PLANE ( 'NONE',  #73 ) ;
#1365 = FACE_OUTER_BOUND ( 'NONE', #1877, .T. ) ;
#1366 = ORIENTED_EDGE ( 'NONE', *, *, #555, .F. ) ;
#1367 = LINE ( 'NONE', #804, #1909 ) ;
#1368 = PLANE ( 'NONE',  #1479 ) ;
#1369 = CARTESIAN_POINT ( 'NONE',  ( 39.55753812924487534, 72.17939663515522852, -1.700000000000000622 ) ) ;
#1370 = AXIS2_PLACEMENT_3D ( 'NONE', #1160, #1334, #302 ) ;
#1371 = DIRECTION ( 'NONE',  ( -0.000000000000000000, -0.000000000000000000, 1.000000000000000000 ) ) ;
#1372 = DIRECTION ( 'NONE',  ( 0.000000000000000000, 0.000000000000000000, 1.000000000000000000 ) ) ;
#1373 = EDGE_CURVE ( 'NONE', #1128, #898, #1640, .T. ) ;
#1374 = FACE_OUTER_BOUND ( 'NONE', #1008, .T. ) ;
#1375 = ORIENTED_EDGE ( 'NONE', *, *, #1694, .F. ) ;
#1376 = LINE ( 'NONE', #792, #769 ) ;
#1377 = VECTOR ( 'NONE', #1781, 1000.000000000000000 ) ;
#1378 = CIRCLE ( 'NONE', #364, 1.449999999999993072 ) ;
#1379 = CARTESIAN_POINT ( 'NONE',  ( 1.499917515209772123, 1.500000000000000000, 1.000000000000000000 ) ) ;
#1380 = CARTESIAN_POINT ( 'NONE',  ( 7.242643322797177596, 49.99999999999999289, -4.500000000000000000 ) ) ;
#1381 = CARTESIAN_POINT ( 'NONE',  ( 1.499917515209766128, 51.50000000000000000, 1.000000000000000000 ) ) ;
#1382 = CYLINDRICAL_SURFACE ( 'NONE', #102, 1.500000000000000000 ) ;
#1383 = CARTESIAN_POINT ( 'NONE',  ( 0.000000000000000000, 0.000000000000000000, -4.500000000000000000 ) ) ;
#1384 = ADVANCED_FACE ( 'NONE', ( #662 ), #1368, .F. ) ;
#1385 = SPHERICAL_SURFACE ( 'NONE', #183, 1.500000000000000000 ) ;
#1386 = ORIENTED_EDGE ( 'NONE', *, *, #508, .F. ) ;
#1387 = CARTESIAN_POINT ( 'NONE',  ( 77.99991751520975924, 51.50000000000000000, 1.000000000000000000 ) ) ;
#1388 = CARTESIAN_POINT ( 'NONE',  ( 73.79991751520977061, 38.50000000000000000, 0.000000000000000000 ) ) ;
#1389 = VECTOR ( 'NONE', #706, 1000.000000000000000 ) ;
#1390 = DIRECTION ( 'NONE',  ( -0.000000000000000000, -0.000000000000000000, 1.000000000000000000 ) ) ;
#1391 = DIRECTION ( 'NONE',  ( 0.000000000000000000, 0.000000000000000000, 1.000000000000000000 ) ) ;
#1392 = DESIGN_CONTEXT ( 'detailed design', #11, 'design' ) ;
#1393 = ORIENTED_EDGE ( 'NONE', *, *, #1681, .F. ) ;
#1394 = DIRECTION ( 'NONE',  ( 0.000000000000000000, 0.000000000000000000, 1.000000000000000000 ) ) ;
#1395 = VECTOR ( 'NONE', #1372, 1000.000000000000000 ) ;
#1396 = ADVANCED_FACE ( 'NONE', ( #359 ), #1830, .F. ) ;
#1397 = EDGE_CURVE ( 'NONE', #958, #536, #350, .T. ) ;
#1398 = VERTEX_POINT ( 'NONE', #1387 ) ;
#1399 = DIRECTION ( 'NONE',  ( 0.000000000000000000, 0.000000000000000000, -1.000000000000000000 ) ) ;
#1400 = FACE_OUTER_BOUND ( 'NONE', #1770, .T. ) ;
#1401 = PLANE ( 'NONE',  #664 ) ;
#1402 = ORIENTED_EDGE ( 'NONE', *, *, #1449, .T. ) ;
#1403 = DIRECTION ( 'NONE',  ( 0.000000000000000000, -1.000000000000000000, -0.000000000000000000 ) ) ;
#1404 = CIRCLE ( 'NONE', #915, 1.449999999999993072 ) ;
#1405 = ORIENTED_EDGE ( 'NONE', *, *, #1240, .T. ) ;
#1406 = DIRECTION ( 'NONE',  ( 1.000000000000000000, 0.000000000000000000, 0.000000000000000000 ) ) ;
#1407 = CARTESIAN_POINT ( 'NONE',  ( 42.40699368144976233, 53.00000000000000711, -0.3639240393968073972 ) ) ;
#1408 = ORIENTED_EDGE ( 'NONE', *, *, #932, .T. ) ;
#1409 = DIRECTION ( 'NONE',  ( -1.000000000000000000, 0.000000000000000000, 0.000000000000000000 ) ) ;
#1410 = PLANE ( 'NONE',  #698 ) ;
#1411 = AXIS2_PLACEMENT_3D ( 'NONE', #519, #949, #941 ) ;
#1412 = ADVANCED_FACE ( 'NONE', ( #225 ), #813, .F. ) ;
#1413 = AXIS2_PLACEMENT_3D ( 'NONE', #512, #1849, #815 ) ;
#1414 = AXIS2_PLACEMENT_3D ( 'NONE', #870, #329, #810 ) ;
#1415 = ORIENTED_EDGE ( 'NONE', *, *, #327, .T. ) ;
#1416 = DIRECTION ( 'NONE',  ( 0.000000000000000000, 0.000000000000000000, -1.000000000000000000 ) ) ;
#1417 = ORIENTED_EDGE ( 'NONE', *, *, #278, .T. ) ;
#1418 = DIRECTION ( 'NONE',  ( -1.145572106777136737E-16, -1.000000000000000000, 1.371322905910519414E-16 ) ) ;
#1419 = LINE ( 'NONE', #1739, #628 ) ;
#1420 = ORIENTED_EDGE ( 'NONE', *, *, #1837, .T. ) ;
#1421 = FACE_OUTER_BOUND ( 'NONE', #1067, .T. ) ;
#1422 = CARTESIAN_POINT ( 'NONE',  ( 41.68826672223201513, 52.56044389475614054, 2.065979358323447812 ) ) ;
#1423 = CARTESIAN_POINT ( 'NONE',  ( 73.79991751520977061, 22.50000000000000000, -0.5000000000000014433 ) ) ;
#1424 = EDGE_LOOP ( 'NONE', ( #968, #310, #1697, #417, #991, #1902, #195, #1275 ) ) ;
#1425 = CC_DESIGN_PERSON_AND_ORGANIZATION_ASSIGNMENT ( #1667, #607, ( #1835 ) ) ;
#1426 = EDGE_CURVE ( 'NONE', #1439, #713, #118, .T. ) ;
#1427 = ORIENTED_EDGE ( 'NONE', *, *, #555, .T. ) ;
#1428 = DIRECTION ( 'NONE',  ( -0.000000000000000000, 0.000000000000000000, 1.000000000000000000 ) ) ;
#1429 = LINE ( 'NONE', #107, #1560 ) ;
#1430 = ORIENTED_EDGE ( 'NONE', *, *, #508, .T. ) ;
#1431 = DIRECTION ( 'NONE',  ( -1.000000000000000000, 0.000000000000000000, 0.000000000000000000 ) ) ;
#1432 = CARTESIAN_POINT ( 'NONE',  ( 35.86207831570298765, 52.34857365389263606, 2.240071263372116039 ) ) ;
#1433 = EDGE_LOOP ( 'NONE', ( #782, #1766, #1562, #1907 ) ) ;
#1434 = VECTOR ( 'NONE', #280, 1000.000000000000000 ) ;
#1435 = EDGE_CURVE ( 'NONE', #533, #1000, #1722, .T. ) ;
#1437 = ORIENTED_EDGE ( 'NONE', *, *, #1532, .F. ) ;
#1436 = VECTOR ( 'NONE', #1718, 1000.000000000000000 ) ;
#1438 =( LENGTH_UNIT ( ) NAMED_UNIT ( * ) SI_UNIT ( .MILLI., .METRE. ) );
#1439 = VERTEX_POINT ( 'NONE', #1864 ) ;
#1440 = CARTESIAN_POINT ( 'NONE',  ( 30.29991751520976706, 62.69999999999998863, -1.700000000000000622 ) ) ;
#1441 = CARTESIAN_POINT ( 'NONE',  ( 40.77905417397617072, 52.09715321257381504, 2.387091691734094745 ) ) ;
#1442 = VECTOR ( 'NONE', #1558, 1000.000000000000000 ) ;
#1443 = ORIENTED_EDGE ( 'NONE', *, *, #1282, .F. ) ;
#1444 = AXIS2_PLACEMENT_3D ( 'NONE', #596, #461, #1304 ) ;
#1445 = CIRCLE ( 'NONE', #522, 11.62499999999999645 ) ;
#1446 = CARTESIAN_POINT ( 'NONE',  ( 2.999917515209759689, -3.436621828056477555E-16, -4.500000000000000000 ) ) ;
#1447 = EDGE_LOOP ( 'NONE', ( #105, #1730, #699 ) ) ;
#1448 = CIRCLE ( 'NONE', #620, 1.500000000000001332 ) ;
#1449 = EDGE_CURVE ( 'NONE', #1630, #1128, #557, .T. ) ;
#1450 = ORIENTED_EDGE ( 'NONE', *, *, #66, .F. ) ;
#1451 = VERTEX_POINT ( 'NONE', #548 ) ;
#1452 = DIRECTION ( 'NONE',  ( 0.000000000000000000, 0.000000000000000000, 1.000000000000000000 ) ) ;
#1453 = EDGE_CURVE ( 'NONE', #125, #825, #1445, .T. ) ;
#1454 = DIRECTION ( 'NONE',  ( -1.145572106777136737E-16, -1.000000000000000000, 0.000000000000000000 ) ) ;
#1455 = VERTEX_POINT ( 'NONE', #976 ) ;
#1456 = CARTESIAN_POINT ( 'NONE',  ( 41.25080008587661240, 53.00000000000000711, -1.399851628775333312 ) ) ;
#1457 = AXIS2_PLACEMENT_3D ( 'NONE', #1850, #1859, #1714 ) ;
#1458 = EDGE_LOOP ( 'NONE', ( #518, #143, #726, #608 ) ) ;
#1459 = AXIS2_PLACEMENT_3D ( 'NONE', #296, #1911, #403 ) ;
#1460 = CIRCLE ( 'NONE', #1235, 1.450000000000006839 ) ;
#1461 = ORIENTED_EDGE ( 'NONE', *, *, #430, .T. ) ;
#1462 = DIRECTION ( 'NONE',  ( -0.7071067811865444641, 0.7071067811865505703, 0.000000000000000000 ) ) ;
#1463 = CARTESIAN_POINT ( 'NONE',  ( 36.40213213529587932, 52.65789114379445834, 1.961804405641459859 ) ) ;
#1464 = EDGE_CURVE ( 'NONE', #122, #1439, #237, .T. ) ;
#1465 = CARTESIAN_POINT ( 'NONE',  ( -8.248479022771458189E-05, -1.699538841808613877E-30, 1.000000000000000000 ) ) ;
#1466 = EDGE_LOOP ( 'NONE', ( #1726, #1679, #1461, #93, #723, #1567, #1631, #652 ) ) ;
#1467 = CIRCLE ( 'NONE', #637, 1.500000000000000000 ) ;
#1468 = CARTESIAN_POINT ( 'NONE',  ( 1.499917515209772123, -1.666856199969103818E-30, 2.500000000000000000 ) ) ;
#1469 = ORIENTED_EDGE ( 'NONE', *, *, #1254, .F. ) ;
#1470 = CIRCLE ( 'NONE', #1539, 1.500000000000000000 ) ;
#1471 = EDGE_LOOP ( 'NONE', ( #719, #1746 ) ) ;
#1472 = VERTEX_POINT ( 'NONE', #681 ) ;
#1473 = CARTESIAN_POINT ( 'NONE',  ( 1.499917515209772345, 1.836861735648734573E-16, 1.000000000000000000 ) ) ;
#1474 = CARTESIAN_POINT ( 'NONE',  ( -8.248479023420518530E-05, 53.00000000000000000, 2.500000000000000000 ) ) ;
#1475 = CARTESIAN_POINT ( 'NONE',  ( 1.499917515209772123, -1.666856199969103818E-30, 1.000000000000000000 ) ) ;
#1476 = ORIENTED_EDGE ( 'NONE', *, *, #1892, .F. ) ;
#1477 = ADVANCED_FACE ( 'NONE', ( #387 ), #397, .T. ) ;
#1478 = DIRECTION ( 'NONE',  ( -0.000000000000000000, -0.000000000000000000, 1.000000000000000000 ) ) ;
#1479 = AXIS2_PLACEMENT_3D ( 'NONE', #1359, #1210, #645 ) ;
#1480 = CARTESIAN_POINT ( 'NONE',  ( 40.79426972971062071, 52.99999999999999289, -1.541795782775662094 ) ) ;
#1481 = AXIS2_PLACEMENT_3D ( 'NONE', #360, #40, #218 ) ;
#1482 = VERTEX_POINT ( 'NONE', #1731 ) ;
#1483 = ORIENTED_EDGE ( 'NONE', *, *, #1892, .T. ) ;
#1484 = FACE_OUTER_BOUND ( 'NONE', #1447, .T. ) ;
#1485 = CYLINDRICAL_SURFACE ( 'NONE', #1691, 1.500000000000001332 ) ;
#1486 = DIRECTION ( 'NONE',  ( -0.000000000000000000, -0.000000000000000000, 1.000000000000000000 ) ) ;
#1487 = VERTEX_POINT ( 'NONE', #1139 ) ;
#1488 = CARTESIAN_POINT ( 'NONE',  ( 35.99991751520977346, 62.69999999999997442, -0.2000000000000005107 ) ) ;
#1489 = CARTESIAN_POINT ( 'NONE',  ( 70.75727682809046826, 50.00000000000000000, -4.500000000000000000 ) ) ;
#1490 = MECHANICAL_CONTEXT ( 'NONE', #1544, 'mechanical' ) ;
#1491 = ADVANCED_FACE ( 'NONE', ( #1121 ), #1276, .F. ) ;
#1492 = ORIENTED_EDGE ( 'NONE', *, *, #1729, .T. ) ;
#1493 = EDGE_LOOP ( 'NONE', ( #1896, #1402, #381, #1366 ) ) ;
#1494 = EDGE_LOOP ( 'NONE', ( #117, #436, #114, #1057 ) ) ;
#1495 = CARTESIAN_POINT ( 'NONE',  ( 60.37863841404554677, 60.37863841404503518, 0.000000000000000000 ) ) ;
#1496 = DIRECTION ( 'NONE',  ( 0.000000000000000000, 1.000000000000000000, 0.000000000000000000 ) ) ;
#1497 = LINE ( 'NONE', #1170, #1377 ) ;
#1498 = CARTESIAN_POINT ( 'NONE',  ( 35.99991751520977346, 62.69999999999997442, -1.700000000000000622 ) ) ;
#1499 = FACE_OUTER_BOUND ( 'NONE', #1327, .T. ) ;
#1500 = CARTESIAN_POINT ( 'NONE',  ( 3.000001308192072891, 2.999999463558197021, -4.500000000000000000 ) ) ;
#1501 = VERTEX_POINT ( 'NONE', #850 ) ;
#1502 = ADVANCED_FACE ( 'NONE', ( #1421 ), #1573, .F. ) ;
#1503 = ORIENTED_EDGE ( 'NONE', *, *, #1273, .F. ) ;
#1504 = DIRECTION ( 'NONE',  ( -0.000000000000000000, -0.000000000000000000, 1.000000000000000000 ) ) ;
#1505 = DIRECTION ( 'NONE',  ( -0.000000000000000000, -0.000000000000000000, -1.000000000000000000 ) ) ;
#1506 = DIRECTION ( 'NONE',  ( 1.000000000000000000, 0.000000000000000000, 0.000000000000000000 ) ) ;
#1507 = CARTESIAN_POINT ( 'NONE',  ( 42.04991751520977061, 62.69999999999998863, -0.2000000000000005107 ) ) ;
#1508 = DIRECTION ( 'NONE',  ( 1.000000000000000000, 0.000000000000000000, 0.000000000000000000 ) ) ;
#1509 = DIRECTION ( 'NONE',  ( 0.000000000000000000, 0.000000000000000000, 1.000000000000000000 ) ) ;
#1510 = CARTESIAN_POINT ( 'NONE',  ( 39.11450015177608464, 51.50000000000000000, 2.500000000000000000 ) ) ;
#1511 = CIRCLE ( 'NONE', #1152, 1.500000000000000000 ) ;
#1512 = VECTOR ( 'NONE', #1371, 1000.000000000000000 ) ;
#1513 = CIRCLE ( 'NONE', #1828, 1.499999999999999778 ) ;
#1514 = VERTEX_POINT ( 'NONE', #92 ) ;
#1515 = EDGE_CURVE ( 'NONE', #1315, #509, #827, .T. ) ;
#1516 = CARTESIAN_POINT ( 'NONE',  ( 3.000005272347671337, 50.00000263666979095, -4.500000000000000000 ) ) ;
#1517 = LINE ( 'NONE', #168, #416 ) ;
#1518 = ADVANCED_FACE ( 'NONE', ( #1897 ), #691, .F. ) ;
#1519 = EDGE_CURVE ( 'NONE', #227, #1621, #1511, .T. ) ;
#1520 = ORIENTED_EDGE ( 'NONE', *, *, #1803, .F. ) ;
#1521 = FACE_OUTER_BOUND ( 'NONE', #447, .T. ) ;
#1522 = DIRECTION ( 'NONE',  ( 0.000000000000000000, 0.000000000000000000, -1.000000000000000000 ) ) ;
#1523 = DIRECTION ( 'NONE',  ( 0.000000000000000000, 0.000000000000000000, -1.000000000000000000 ) ) ;
#1524 = PERSON_AND_ORGANIZATION ( #1084, #1050 ) ;
#1525 = CARTESIAN_POINT ( 'NONE',  ( -8.248479023271112760E-05, 40.79999923706054688, -4.500000000000000000 ) ) ;
#1526 = CARTESIAN_POINT ( 'NONE',  ( 77.99991751520975924, 20.99999999999999645, 2.500000000000000000 ) ) ;
#1527 = ORIENTED_EDGE ( 'NONE', *, *, #470, .F. ) ;
#1528 = LINE ( 'NONE', #214, #425 ) ;
#1529 = AXIS2_PLACEMENT_3D ( 'NONE', #72, #235, #1242 ) ;
#1530 = CARTESIAN_POINT ( 'NONE',  ( 77.99991751520975924, 1.500000000000001332, -4.500000000000000000 ) ) ;
#1531 = AXIS2_PLACEMENT_3D ( 'NONE', #697, #1593, #87 ) ;
#1532 = EDGE_CURVE ( 'NONE', #1024, #1630, #1036, .T. ) ;
#1533 = PLANE ( 'NONE',  #1413 ) ;
#1534 = LINE ( 'NONE', #503, #322 ) ;
#1535 = LINE ( 'NONE', #194, #1643 ) ;
#1536 = CARTESIAN_POINT ( 'NONE',  ( 3.000005272347671337, 50.00000263666979095, 2.499999999999999556 ) ) ;
#1537 = DIRECTION ( 'NONE',  ( 0.000000000000000000, 0.000000000000000000, 1.000000000000000000 ) ) ;
#1538 = LINE ( 'NONE', #208, #1629 ) ;
#1539 = AXIS2_PLACEMENT_3D ( 'NONE', #1112, #1604, #843 ) ;
#1540 = CARTESIAN_POINT ( 'NONE',  ( 37.05779634680415313, 52.99999999999999289, -0.6734438976952423772 ) ) ;
#1541 = ADVANCED_FACE ( 'NONE', ( #573 ), #109, .T. ) ;
#1542 = CARTESIAN_POINT ( 'NONE',  ( 60.37863841404554677, 60.37863841404503518, -4.500000000000000000 ) ) ;
#1543 = CARTESIAN_POINT ( 'NONE',  ( 76.49991751520975924, 1.500000000000000000, 1.000000000000000000 ) ) ;
#1544 = APPLICATION_CONTEXT ( 'configuration controlled 3d designs of mechanical parts and assemblies' ) ;
#1545 = AXIS2_PLACEMENT_3D ( 'NONE', #1349, #6, #604 ) ;
#1546 = ORIENTED_EDGE ( 'NONE', *, *, #210, .F. ) ;
#1547 = CARTESIAN_POINT ( 'NONE',  ( -8.248479022924538049E-05, 12.49999923706054972, -4.499999999999999112 ) ) ;
#1548 = CARTESIAN_POINT ( 'NONE',  ( 4.450005272347671514, 50.00000263666979095, -4.500000000000000000 ) ) ;
#1549 = CARTESIAN_POINT ( 'NONE',  ( 39.19632688662326103, 53.00000000000000000, -1.697411652398921555 ) ) ;
#1550 = VECTOR ( 'NONE', #1089, 1000.000000000000000 ) ;
#1551 = B_SPLINE_CURVE_WITH_KNOTS ( 'NONE', 3,
 ( #61, #993, #100, #1587, #407, #692, #1574, #1463, #1596, #1612, #1432, #716, #270, #871, #1749, #1268 ),
 .UNSPECIFIED., .F., .F.,
 ( 4, 2, 2, 2, 2, 2, 2, 4 ),
 ( 0.000000000000000000, 0.0002551041753612488805, 0.0005102083507224977610, 0.001020416701444998558, 0.001530625052167499788, 0.002040833402890001019, 0.003061250104335003046, 0.004081666805780005507 ),
 .UNSPECIFIED. ) ;
#1552 = CARTESIAN_POINT ( 'NONE',  ( 35.99991751520977346, 62.69999999999997442, -1.700000000000000622 ) ) ;
#1553 = CARTESIAN_POINT ( 'NONE',  ( 77.99991751520975924, 1.500000000000001332, 2.500000000000000000 ) ) ;
#1554 = EDGE_CURVE ( 'NONE', #85, #1557, #266, .T. ) ;
#1555 = EDGE_CURVE ( 'NONE', #234, #622, #1741, .T. ) ;
#1556 = CARTESIAN_POINT ( 'NONE',  ( 35.99991751520977346, 62.69999999999997442, -0.2000000000000005107 ) ) ;
#1557 = VERTEX_POINT ( 'NONE', #891 ) ;
#1558 = DIRECTION ( 'NONE',  ( 1.036299969715081144E-32, -8.462065736472229849E-17, -1.000000000000000000 ) ) ;
#1559 = DIRECTION ( 'NONE',  ( 0.000000000000000000, 0.000000000000000000, -1.000000000000000000 ) ) ;
#1560 = VECTOR ( 'NONE', #1880, 1000.000000000000000 ) ;
#1561 = CARTESIAN_POINT ( 'NONE',  ( 36.95926593717914699, 53.00000000000000711, -0.4468369637918267467 ) ) ;
#1562 = ORIENTED_EDGE ( 'NONE', *, *, #695, .F. ) ;
#1563 = ORIENTED_EDGE ( 'NONE', *, *, #418, .F. ) ;
#1564 = EDGE_CURVE ( 'NONE', #1600, #1651, #877, .T. ) ;
#1565 = ORIENTED_EDGE ( 'NONE', *, *, #327, .F. ) ;
#1566 = DIRECTION ( 'NONE',  ( 1.000000000000000000, 0.000000000000000000, 0.000000000000000000 ) ) ;
#1567 = ORIENTED_EDGE ( 'NONE', *, *, #486, .T. ) ;
#1568 = CYLINDRICAL_SURFACE ( 'NONE', #1616, 1.500000000000001332 ) ;
#1569 = EDGE_LOOP ( 'NONE', ( #1015, #700, #98, #1116 ) ) ;
#1570 = CARTESIAN_POINT ( 'NONE',  ( 0.000000000000000000, 0.000000000000000000, 0.000000000000000000 ) ) ;
#1571 = EDGE_CURVE ( 'NONE', #509, #287, #1010, .T. ) ;
#1572 = ORIENTED_EDGE ( 'NONE', *, *, #1464, .T. ) ;
#1573 = CYLINDRICAL_SURFACE ( 'NONE', #1307, 11.75000000000000355 ) ;
#1574 = CARTESIAN_POINT ( 'NONE',  ( 36.63279126068530189, 52.80173329954476458, 1.755824075063292300 ) ) ;
#1575 = VECTOR ( 'NONE', #1462, 1000.000000000000114 ) ;
#1576 = ADVANCED_FACE ( 'NONE', ( #144 ), #288, .T. ) ;
#1577 = VECTOR ( 'NONE', #163, 1000.000000000000000 ) ;
#1578 = VECTOR ( 'NONE', #1218, 1000.000000000000000 ) ;
#1579 = ORIENTED_EDGE ( 'NONE', *, *, #965, .T. ) ;
#1580 = PLANE ( 'NONE',  #1207 ) ;
#1581 = ORIENTED_EDGE ( 'NONE', *, *, #685, .T. ) ;
#1582 = CARTESIAN_POINT ( 'NONE',  ( 4.199917515209771857, 13.99999923706054794, -4.500000000000000000 ) ) ;
#1583 = CARTESIAN_POINT ( 'NONE',  ( 77.99991751520975924, 0.000000000000000000, -4.500000000000000000 ) ) ;
#1584 = PRODUCT ( 'K230\X2\540e76d6\X0\', 'K230\X2\540e76d6\X0\', '', ( #1490 ) ) ;
#1585 = VERTEX_POINT ( 'NONE', #1789 ) ;
#1586 = DIRECTION ( 'NONE',  ( 0.000000000000000000, 0.000000000000000000, -1.000000000000000000 ) ) ;
#1587 = CARTESIAN_POINT ( 'NONE',  ( 36.87908660860762922, 52.96461856039865523, 1.334312473444488889 ) ) ;
#1588 = ORIENTED_EDGE ( 'NONE', *, *, #613, .T. ) ;
#1589 = EDGE_CURVE ( 'NONE', #1283, #122, #444, .T. ) ;
#1590 = CARTESIAN_POINT ( 'NONE',  ( 74.99991751520975924, 45.75735931288068059, -4.500000000000000000 ) ) ;
#1591 = APPROVAL_PERSON_ORGANIZATION ( #897, #1018, #1063 ) ;
#1592 = ORIENTED_EDGE ( 'NONE', *, *, #567, .F. ) ;
#1593 = DIRECTION ( 'NONE',  ( 0.000000000000000000, 0.000000000000000000, -1.000000000000000000 ) ) ;
#1594 = ORIENTED_EDGE ( 'NONE', *, *, #909, .F. ) ;
#1595 = DIRECTION ( 'NONE',  ( 1.000000000000000000, 0.000000000000000000, 0.000000000000000000 ) ) ;
#1596 = CARTESIAN_POINT ( 'NONE',  ( 36.27229390362965233, 52.57985823376884582, 2.046250438569501284 ) ) ;
#1597 = ORIENTED_EDGE ( 'NONE', *, *, #306, .F. ) ;
#1598 = EDGE_CURVE ( 'NONE', #582, #358, #422, .T. ) ;
#1599 = AXIS2_PLACEMENT_3D ( 'NONE', #127, #243, #1301 ) ;
#1600 = VERTEX_POINT ( 'NONE', #453 ) ;
#1601 = CARTESIAN_POINT ( 'NONE',  ( 0.000000000000000000, 49.99999999999999289, 0.000000000000000000 ) ) ;
#1602 = EDGE_LOOP ( 'NONE', ( #91, #1619, #1886, #1563 ) ) ;
#1603 = DIRECTION ( 'NONE',  ( 1.000000000000000000, 0.000000000000000000, -0.000000000000000000 ) ) ;
#1604 = DIRECTION ( 'NONE',  ( 1.000000000000000000, -0.000000000000000000, -0.000000000000000000 ) ) ;
#1605 = VERTEX_POINT ( 'NONE', #14 ) ;
#1606 = CIRCLE ( 'NONE', #54, 1.449999999999993072 ) ;
#1607 = AXIS2_PLACEMENT_3D ( 'NONE', #940, #775, #1356 ) ;
#1608 = CARTESIAN_POINT ( 'NONE',  ( 77.99991751520975924, -4.146615409010228061E-35, 1.000000000000000000 ) ) ;
#1609 = ADVANCED_FACE ( 'NONE', ( #1300 ), #1019, .T. ) ;
#1610 = ORIENTED_EDGE ( 'NONE', *, *, #1132, .T. ) ;
#1611 = CYLINDRICAL_SURFACE ( 'NONE', #494, 1.450000000000000178 ) ;
#1612 = CARTESIAN_POINT ( 'NONE',  ( 36.00312680236529417, 52.42576265991120721, 2.184777313573881052 ) ) ;
#1613 = ORIENTED_EDGE ( 'NONE', *, *, #1214, .F. ) ;
#1614 = CARTESIAN_POINT ( 'NONE',  ( 76.49991751520975924, 38.50000000000000000, -4.500000000000000000 ) ) ;
#1615 = CARTESIAN_POINT ( 'NONE',  ( 7.242641458869545801, 2.999999999999999112, -4.500000000000000000 ) ) ;
#1616 = AXIS2_PLACEMENT_3D ( 'NONE', #826, #1416, #684 ) ;
#1617 = LINE ( 'NONE', #1165, #368 ) ;
#1618 = AXIS2_PLACEMENT_3D ( 'NONE', #1306, #1727, #1870 ) ;
#1619 = ORIENTED_EDGE ( 'NONE', *, *, #672, .F. ) ;
#1620 = EDGE_CURVE ( 'NONE', #1104, #1026, #734, .T. ) ;
#1621 = VERTEX_POINT ( 'NONE', #433 ) ;
#1622 = CARTESIAN_POINT ( 'NONE',  ( 3.703024034764556968E-62, -1.699537044594709725E-30, -4.500000000000000000 ) ) ;
#1623 = CARTESIAN_POINT ( 'NONE',  ( -8.248479022771458189E-05, -1.010143247251243555E-20, -4.500000000000000000 ) ) ;
#1624 = LINE ( 'NONE', #625, #705 ) ;
#1625 = VERTEX_POINT ( 'NONE', #1312 ) ;
#1626 = CIRCLE ( 'NONE', #437, 10.12499999999999467 ) ;
#1627 = LINE ( 'NONE', #427, #768 ) ;
#1628 = CYLINDRICAL_SURFACE ( 'NONE', #1799, 1.500000000000000000 ) ;
#1629 = VECTOR ( 'NONE', #795, 1000.000000000000000 ) ;
#1630 = VERTEX_POINT ( 'NONE', #610 ) ;
#1631 = ORIENTED_EDGE ( 'NONE', *, *, #1638, .T. ) ;
#1632 = CARTESIAN_POINT ( 'NONE',  ( -8.248479023420518530E-05, 53.00000000000000000, 1.000000000000000000 ) ) ;
#1633 = DIRECTION ( 'NONE',  ( -0.000000000000000000, -0.000000000000000000, 1.000000000000000000 ) ) ;
#1634 = ADVANCED_FACE ( 'NONE', ( #467 ), #1611, .F. ) ;
#1635 = LINE ( 'NONE', #586, #614 ) ;
#1636 = EDGE_LOOP ( 'NONE', ( #1893, #564, #996, #265 ) ) ;
#1637 = EDGE_CURVE ( 'NONE', #1750, #1398, #4, .T. ) ;
#1638 = EDGE_CURVE ( 'NONE', #383, #1283, #1168, .T. ) ;
#1639 = LINE ( 'NONE', #1468, #1184 ) ;
#1640 = CIRCLE ( 'NONE', #922, 1.500000000000001332 ) ;
#1641 = LINE ( 'NONE', #1615, #34 ) ;
#1642 = LINE ( 'NONE', #1553, #1041 ) ;
#1643 = VECTOR ( 'NONE', #336, 1000.000000000000114 ) ;
#1644 = CARTESIAN_POINT ( 'NONE',  ( 2.999917515209761465, 13.99999923706054794, -4.500000000000000888 ) ) ;
#1645 = LINE ( 'NONE', #1916, #759 ) ;
#1646 = LINE ( 'NONE', #331, #1827 ) ;
#1647 = DIRECTION ( 'NONE',  ( -0.000000000000000000, -0.000000000000000000, -1.000000000000000000 ) ) ;
#1648 = DIRECTION ( 'NONE',  ( 0.000000000000000000, 0.000000000000000000, -1.000000000000000000 ) ) ;
#1649 = ADVANCED_FACE ( 'NONE', ( #1484 ), #1187, .T. ) ;
#1650 = ORIENTED_EDGE ( 'NONE', *, *, #442, .F. ) ;
#1651 = VERTEX_POINT ( 'NONE', #279 ) ;
#1652 = CIRCLE ( 'NONE', #1022, 1.500000000000002220 ) ;
#1653 = FACE_OUTER_BOUND ( 'NONE', #1737, .T. ) ;
#1654 = CARTESIAN_POINT ( 'NONE',  ( 2.999917515209760577, 7.242723943659808761, -4.500000000000000000 ) ) ;
#1655 = VECTOR ( 'NONE', #1232, 1000.000000000000000 ) ;
#1656 = DATE_AND_TIME ( #481, #687 ) ;
#1657 = DIRECTION ( 'NONE',  ( 0.000000000000000000, 0.000000000000000000, -1.000000000000000000 ) ) ;
#1658 = EDGE_CURVE ( 'NONE', #246, #1501, #1903, .T. ) ;
#1659 = FACE_OUTER_BOUND ( 'NONE', #1869, .T. ) ;
#1660 = ADVANCED_FACE ( 'NONE', ( #320 ), #623, .T. ) ;
#1661 = CARTESIAN_POINT ( 'NONE',  ( 1.499917515209772123, 1.500000000000000000, 1.000000000000000000 ) ) ;
#1662 = DIRECTION ( 'NONE',  ( -0.000000000000000000, -0.000000000000000000, 1.000000000000000000 ) ) ;
#1663 = VECTOR ( 'NONE', #5, 1000.000000000000000 ) ;
#1664 = CYLINDRICAL_SURFACE ( 'NONE', #307, 1.450000000000006839 ) ;
#1665 = LINE ( 'NONE', #149, #448 ) ;
#1666 = FACE_BOUND ( 'NONE', #1851, .T. ) ;
#1667 = PERSON_AND_ORGANIZATION ( #1084, #1050 ) ;
#1668 = LINE ( 'NONE', #621, #1550 ) ;
#1669 = VECTOR ( 'NONE', #1390, 1000.000000000000000 ) ;
#1670 = VECTOR ( 'NONE', #1504, 1000.000000000000000 ) ;
#1671 = ORIENTED_EDGE ( 'NONE', *, *, #1564, .T. ) ;
#1672 = DIRECTION ( 'NONE',  ( -0.000000000000000000, 0.000000000000000000, 1.000000000000000000 ) ) ;
#1673 = ADVANCED_FACE ( 'NONE', ( #1047 ), #271, .T. ) ;
#1674 = CARTESIAN_POINT ( 'NONE',  ( 30.29991751520976706, 62.69999999999998863, 2.500000000000000000 ) ) ;
#1675 = CARTESIAN_POINT ( 'NONE',  ( 35.99991751520977346, 62.69999999999997442, -1.700000000000000622 ) ) ;
#1676 = FACE_OUTER_BOUND ( 'NONE', #925, .T. ) ;
#1677 = DIRECTION ( 'NONE',  ( -0.000000000000000000, -0.000000000000000000, 1.000000000000000000 ) ) ;
#1678 = CARTESIAN_POINT ( 'NONE',  ( 0.000000000000000000, 0.000000000000000000, -4.500000000000000000 ) ) ;
#1679 = ORIENTED_EDGE ( 'NONE', *, *, #1555, .T. ) ;
#1680 = LINE ( 'NONE', #1197, #1096 ) ;
#1681 = EDGE_CURVE ( 'NONE', #599, #44, #912, .T. ) ;
#1682 = ORIENTED_EDGE ( 'NONE', *, *, #32, .T. ) ;
#1683 = DIRECTION ( 'NONE',  ( 0.000000000000000000, -0.000000000000000000, -1.000000000000000000 ) ) ;
#1684 = DIRECTION ( 'NONE',  ( -1.000000000000000000, 0.000000000000000000, 0.000000000000000000 ) ) ;
#1685 = CARTESIAN_POINT ( 'NONE',  ( 36.93109388143621175, 53.00000000000000000, -0.3248850220901835506 ) ) ;
#1686 = CARTESIAN_POINT ( 'NONE',  ( 73.79991751520977061, 0.000000000000000000, -0.5000000000000014433 ) ) ;
#1687 = ORIENTED_EDGE ( 'NONE', *, *, #361, .F. ) ;
#1688 = DIRECTION ( 'NONE',  ( 1.000000000000000000, 1.445602896647339410E-16, 0.000000000000000000 ) ) ;
#1689 = DIRECTION ( 'NONE',  ( -0.000000000000000000, -1.000000000000000000, 0.000000000000000000 ) ) ;
#1690 = CARTESIAN_POINT ( 'NONE',  ( 74.99991751520975924, 45.75735931288068059, 0.000000000000000000 ) ) ;
#1691 = AXIS2_PLACEMENT_3D ( 'NONE', #15, #145, #1812 ) ;
#1692 = CARTESIAN_POINT ( 'NONE',  ( 76.49991751520975924, 51.50000000000000000, 2.500000000000000000 ) ) ;
#1693 = EDGE_CURVE ( 'NONE', #599, #1455, #1367, .T. ) ;
#1694 = EDGE_CURVE ( 'NONE', #1472, #763, #1310, .T. ) ;
#1695 = CARTESIAN_POINT ( 'NONE',  ( 70.75727682809046826, 49.99999999999999289, 0.000000000000000000 ) ) ;
#1696 = DIRECTION ( 'NONE',  ( -1.000000000000000000, 0.000000000000000000, 0.000000000000000000 ) ) ;
#1697 = ORIENTED_EDGE ( 'NONE', *, *, #460, .T. ) ;
#1698 = DIRECTION ( 'NONE',  ( 0.000000000000000000, 0.000000000000000000, -1.000000000000000000 ) ) ;
#1699 = AXIS2_PLACEMENT_3D ( 'NONE', #1347, #1662, #1768 ) ;
#1700 = CIRCLE ( 'NONE', #1762, 1.449999999999999734 ) ;
#1701 = EDGE_LOOP ( 'NONE', ( #745, #1520, #1858, #389 ) ) ;
#1702 = DIRECTION ( 'NONE',  ( 0.000000000000000000, 0.000000000000000000, 1.000000000000000000 ) ) ;
#1703 = DIRECTION ( 'NONE',  ( -1.000000000000000000, 0.000000000000000000, 0.000000000000000000 ) ) ;
#1704 = CARTESIAN_POINT ( 'NONE',  ( 37.12691873839523282, 52.99999999999998579, -0.7769148871338590334 ) ) ;
#1705 = VECTOR ( 'NONE', #1082, 1000.000000000000000 ) ;
#1706 = CARTESIAN_POINT ( 'NONE',  ( 73.79991751520977061, 22.50000000000000000, 0.000000000000000000 ) ) ;
#1707 = EDGE_CURVE ( 'NONE', #1398, #1100, #524, .T. ) ;
#1708 = ORIENTED_EDGE ( 'NONE', *, *, #138, .F. ) ;
#1709 = VERTEX_POINT ( 'NONE', #1829 ) ;
#1710 = CARTESIAN_POINT ( 'NONE',  ( 75.00000156960619790, 2.999999463558197021, 2.499999999999999556 ) ) ;
#1711 = CARTESIAN_POINT ( 'NONE',  ( 5.121320729434794217, 5.121320729434763130, -4.500000000000000000 ) ) ;
#1712 = AXIS2_PLACEMENT_3D ( 'NONE', #1570, #238, #1508 ) ;
#1713 = ORIENTED_EDGE ( 'NONE', *, *, #577, .T. ) ;
#1714 = DIRECTION ( 'NONE',  ( -1.000000000000000000, 0.000000000000000000, 0.000000000000000000 ) ) ;
#1715 = ADVANCED_FACE ( 'NONE', ( #1068 ), #394, .T. ) ;
#1716 = ORIENTED_EDGE ( 'NONE', *, *, #41, .F. ) ;
#1717 = FACE_OUTER_BOUND ( 'NONE', #1123, .T. ) ;
#1718 = DIRECTION ( 'NONE',  ( -1.000000000000000000, 0.000000000000000000, 0.000000000000000000 ) ) ;
#1719 = AXIS2_PLACEMENT_3D ( 'NONE', #1833, #1808, #1843 ) ;
#1720 = EDGE_CURVE ( 'NONE', #1157, #1621, #737, .T. ) ;
#1721 = EDGE_LOOP ( 'NONE', ( #1309, #711, #68, #1073 ) ) ;
#1722 = LINE ( 'NONE', #1259, #1094 ) ;
#1723 = DIRECTION ( 'NONE',  ( -0.000000000000000000, -0.000000000000000000, 1.000000000000000000 ) ) ;
#1724 = VECTOR ( 'NONE', #655, 1000.000000000000000 ) ;
#1725 = ORIENTED_EDGE ( 'NONE', *, *, #920, .F. ) ;
#1726 = ORIENTED_EDGE ( 'NONE', *, *, #787, .F. ) ;
#1727 = DIRECTION ( 'NONE',  ( 0.000000000000000000, 0.000000000000000000, -1.000000000000000000 ) ) ;
#1728 = DIRECTION ( 'NONE',  ( 1.000000000000000000, 0.000000000000000000, 0.000000000000000000 ) ) ;
#1729 = EDGE_CURVE ( 'NONE', #595, #227, #75, .T. ) ;
#1730 = ORIENTED_EDGE ( 'NONE', *, *, #1273, .T. ) ;
#1731 = CARTESIAN_POINT ( 'NONE',  ( 1.499917515209767238, 39.29999923706054688, -4.500000000000000000 ) ) ;
#1732 = CARTESIAN_POINT ( 'NONE',  ( 74.99991751520975924, 49.99999999999999289, 2.499999999999999556 ) ) ;
#1733 = VECTOR ( 'NONE', #1284, 1000.000000000000000 ) ;
#1734 = AXIS2_PLACEMENT_3D ( 'NONE', #1674, #339, #1076 ) ;
#1735 = ORIENTED_EDGE ( 'NONE', *, *, #1236, .T. ) ;
#1736 = DIRECTION ( 'NONE',  ( -1.000000000000000000, 0.000000000000000000, 0.000000000000000000 ) ) ;
#1737 = EDGE_LOOP ( 'NONE', ( #568, #1872, #1336, #918 ) ) ;
#1738 = CARTESIAN_POINT ( 'NONE',  ( 77.99991751520975924, 40.00000000000000000, -4.500000000000000000 ) ) ;
#1739 = CARTESIAN_POINT ( 'NONE',  ( 2.999917515209764129, 39.29999923706054688, -4.500000000000000000 ) ) ;
#1740 = ORIENTED_EDGE ( 'NONE', *, *, #600, .F. ) ;
#1741 = LINE ( 'NONE', #406, #1852 ) ;
#1742 = CARTESIAN_POINT ( 'NONE',  ( 42.40699368144974102, 53.00000000000000000, 1.180874551260465477 ) ) ;
#1743 = EDGE_CURVE ( 'NONE', #44, #1104, #1680, .T. ) ;
#1744 = ORIENTED_EDGE ( 'NONE', *, *, #1005, .F. ) ;
#1745 = CIRCLE ( 'NONE', #1618, 1.450000000000000178 ) ;
#1746 = ORIENTED_EDGE ( 'NONE', *, *, #116, .T. ) ;
#1747 = ORIENTED_EDGE ( 'NONE', *, *, #627, .F. ) ;
#1748 = DIRECTION ( 'NONE',  ( -1.224641833315640004E-16, 1.000000000000000000, -8.462065736472229849E-17 ) ) ;
#1749 = CARTESIAN_POINT ( 'NONE',  ( 34.17748842114807672, 51.60301742150925719, 2.499999999999999556 ) ) ;
#1750 = VERTEX_POINT ( 'NONE', #1811 ) ;
#1751 = EDGE_CURVE ( 'NONE', #774, #1355, #475, .T. ) ;
#1752 = ADVANCED_FACE ( 'NONE', ( #957 ), #1385, .T. ) ;
#1753 = AXIS2_PLACEMENT_3D ( 'NONE', #1369, #1840, #1079 ) ;
#1754 = CARTESIAN_POINT ( 'NONE',  ( 39.19632688662326103, 53.00000000000000000, -1.697411652398921555 ) ) ;
#1755 = ORIENTED_EDGE ( 'NONE', *, *, #399, .F. ) ;
#1756 = ORIENTED_EDGE ( 'NONE', *, *, #1751, .T. ) ;
#1757 = CARTESIAN_POINT ( 'NONE',  ( 1.499917515209772123, 1.500000000000000000, 2.500000000000000000 ) ) ;
#1758 = CARTESIAN_POINT ( 'NONE',  ( 0.000000000000000000, 51.50000000000000000, 1.000000000000000000 ) ) ;
#1759 = CIRCLE ( 'NONE', #180, 1.449999999999993072 ) ;
#1760 = ORIENTED_EDGE ( 'NONE', *, *, #1240, .F. ) ;
#1761 = CIRCLE ( 'NONE', #828, 1.500000000000001332 ) ;
#1762 = AXIS2_PLACEMENT_3D ( 'NONE', #1536, #653, #205 ) ;
#1763 = DIRECTION ( 'NONE',  ( -1.145572106777136737E-16, -1.000000000000000000, 0.000000000000000000 ) ) ;
#1764 = EDGE_CURVE ( 'NONE', #595, #383, #1513, .T. ) ;
#1765 = ORIENTED_EDGE ( 'NONE', *, *, #1620, .F. ) ;
#1766 = ORIENTED_EDGE ( 'NONE', *, *, #1305, .F. ) ;
#1767 = DIRECTION ( 'NONE',  ( -1.000000000000000000, -2.178842789300671418E-32, 0.000000000000000000 ) ) ;
#1768 = DIRECTION ( 'NONE',  ( 1.000000000000000000, 0.000000000000000000, 0.000000000000000000 ) ) ;
#1769 = LINE ( 'NONE', #291, #580 ) ;
#1770 = EDGE_LOOP ( 'NONE', ( #1565, #16, #1264, #1716 ) ) ;
#1771 = CARTESIAN_POINT ( 'NONE',  ( 0.000000000000000000, 0.000000000000000000, -1.700000000000000622 ) ) ;
#1772 =( NAMED_UNIT ( * ) SI_UNIT ( $, .STERADIAN. ) SOLID_ANGLE_UNIT ( ) );
#1773 = CC_DESIGN_APPROVAL ( #883, ( #1891 ) ) ;
#1774 = DIRECTION ( 'NONE',  ( -0.000000000000000000, 0.000000000000000000, 1.000000000000000000 ) ) ;
#1775 = APPROVAL ( #1823, 'æœª' ) ;
#1776 = ORIENTED_EDGE ( 'NONE', *, *, #124, .F. ) ;
#1777 = ORIENTED_EDGE ( 'NONE', *, *, #1532, .T. ) ;
#1778 = EDGE_CURVE ( 'NONE', #1398, #1709, #1251, .T. ) ;
#1779 = DIRECTION ( 'NONE',  ( -6.921827078892938531E-80, 5.652123658190355883E-64, 1.000000000000000000 ) ) ;
#1780 = CARTESIAN_POINT ( 'NONE',  ( 47.62491751520976635, 62.69999999999997442, 2.500000000000000000 ) ) ;
#1781 = DIRECTION ( 'NONE',  ( -1.000000000000000000, 0.000000000000000000, 0.000000000000000000 ) ) ;
#1782 = ORIENTED_EDGE ( 'NONE', *, *, #682, .F. ) ;
#1783 = CARTESIAN_POINT ( 'NONE',  ( 30.29991751520976706, 62.69999999999998863, -0.2000000000000005107 ) ) ;
#1784 = SECURITY_CLASSIFICATION_LEVEL ( 'unclassified' ) ;
#1785 = DIRECTION ( 'NONE',  ( 1.000000000000000000, -1.181088324069315053E-15, 0.000000000000000000 ) ) ;
#1786 = DIRECTION ( 'NONE',  ( 1.000000000000000000, 0.000000000000000000, 0.000000000000000000 ) ) ;
#1787 = VECTOR ( 'NONE', #1559, 1000.000000000000000 ) ;
#1788 = AXIS2_PLACEMENT_3D ( 'NONE', #404, #1118, #1728 ) ;
#1789 = CARTESIAN_POINT ( 'NONE',  ( 39.55753812924484691, 53.22060336484472742, -1.700000000000000622 ) ) ;
#1790 = DIRECTION ( 'NONE',  ( 0.000000000000000000, -0.000000000000000000, -1.000000000000000000 ) ) ;
#1791 = EDGE_CURVE ( 'NONE', #774, #683, #1376, .T. ) ;
#1792 = CARTESIAN_POINT ( 'NONE',  ( 1.499917515209770569, 13.99999923706054794, -4.500000000000000000 ) ) ;
#1793 = ORIENTED_EDGE ( 'NONE', *, *, #778, .T. ) ;
#1794 = PLANE ( 'NONE',  #1444 ) ;
#1795 = DATE_AND_TIME ( #772, #345 ) ;
#1796 = AXIS2_PLACEMENT_3D ( 'NONE', #1675, #1683, #1102 ) ;
#1797 = DIRECTION ( 'NONE',  ( 1.000000000000000000, -0.000000000000000000, 0.000000000000000000 ) ) ;
#1798 = ORIENTED_EDGE ( 'NONE', *, *, #835, .F. ) ;
#1799 = AXIS2_PLACEMENT_3D ( 'NONE', #1331, #579, #1013 ) ;
#1800 = DIRECTION ( 'NONE',  ( -1.000000000000000000, 0.000000000000000000, 0.000000000000000000 ) ) ;
#1801 = CYLINDRICAL_SURFACE ( 'NONE', #173, 1.499999999999999556 ) ;
#1802 = CARTESIAN_POINT ( 'NONE',  ( 76.49991751520975924, 22.50000000000000000, -4.500000000000000000 ) ) ;
#1803 = EDGE_CURVE ( 'NONE', #509, #1621, #1528, .T. ) ;
#1804 = CYLINDRICAL_SURFACE ( 'NONE', #1481, 1.450000000000000178 ) ;
#1805 = CALENDAR_DATE ( 2026, 25, 4 ) ;
#1806 = EDGE_CURVE ( 'NONE', #571, #224, #677, .T. ) ;
#1807 = CYLINDRICAL_SURFACE ( 'NONE', #1144, 1.500000000000001332 ) ;
#1808 = DIRECTION ( 'NONE',  ( 1.000000000000000000, 0.000000000000000000, 0.000000000000000000 ) ) ;
#1809 = VECTOR ( 'NONE', #274, 1000.000000000000000 ) ;
#1810 = ORIENTED_EDGE ( 'NONE', *, *, #631, .T. ) ;
#1811 = CARTESIAN_POINT ( 'NONE',  ( 77.99991751520975924, 51.50000000000000000, -4.500000000000000000 ) ) ;
#1812 = DIRECTION ( 'NONE',  ( 0.000000000000000000, 1.000000000000000000, 0.000000000000000000 ) ) ;
#1813 = ORIENTED_EDGE ( 'NONE', *, *, #967, .F. ) ;
#1814 = DIRECTION ( 'NONE',  ( 1.000000000000000000, 0.000000000000000000, 0.000000000000000000 ) ) ;
#1815 = CARTESIAN_POINT ( 'NONE',  ( 0.000000000000000000, 0.000000000000000000, 2.500000000000000000 ) ) ;
#1816 = APPROVAL_ROLE ( '' ) ;
#1817 = CARTESIAN_POINT ( 'NONE',  ( 42.04991751520977061, 62.69999999999998863, -1.700000000000000622 ) ) ;
#1818 = EDGE_CURVE ( 'NONE', #882, #1037, #1700, .T. ) ;
#1819 = FACE_BOUND ( 'NONE', #396, .T. ) ;
#1820 = DIRECTION ( 'NONE',  ( -0.000000000000000000, -0.000000000000000000, 1.000000000000000000 ) ) ;
#1821 = CARTESIAN_POINT ( 'NONE',  ( -8.248479023402148079E-05, 51.50000000000000000, 1.000000000000000000 ) ) ;
#1822 = CARTESIAN_POINT ( 'NONE',  ( 0.000000000000000000, 49.99999999999999289, -4.500000000000000000 ) ) ;
#1823 = APPROVAL_STATUS ( 'not_yet_approved' ) ;
#1824 = DIRECTION ( 'NONE',  ( -1.000000000000000000, 0.000000000000000000, -0.000000000000000000 ) ) ;
#1825 = AXIS2_PLACEMENT_3D ( 'NONE', #47, #794, #1238 ) ;
#1826 = EDGE_CURVE ( 'NONE', #224, #1000, #357, .T. ) ;
#1827 = VECTOR ( 'NONE', #1486, 1000.000000000000000 ) ;
#1828 = AXIS2_PLACEMENT_3D ( 'NONE', #1661, #919, #1688 ) ;
#1829 = CARTESIAN_POINT ( 'NONE',  ( 76.49991751520975924, 53.00000000000000000, 1.000000000000000000 ) ) ;
#1830 = CYLINDRICAL_SURFACE ( 'NONE', #796, 1.449999999999993072 ) ;
#1831 = CARTESIAN_POINT ( 'NONE',  ( 1.499917515209767238, 39.29999923706054688, -2.033407071437505715E-36 ) ) ;
#1832 = CARTESIAN_POINT ( 'NONE',  ( 37.67909510685412755, 52.99999999999999289, -1.262455738183855258 ) ) ;
#1833 = CARTESIAN_POINT ( 'NONE',  ( 1.499917515209766128, 51.50000000000000000, 1.000000000000000000 ) ) ;
#1834 = DIRECTION ( 'NONE',  ( 0.000000000000000000, 1.000000000000000000, 0.000000000000000000 ) ) ;
#1835 = SECURITY_CLASSIFICATION ( '', '', #1784 ) ;
#1836 = ADVANCED_FACE ( 'NONE', ( #1234 ), #1844, .T. ) ;
#1837 = EDGE_CURVE ( 'NONE', #1838, #570, #1652, .T. ) ;
#1838 = VERTEX_POINT ( 'NONE', #97 ) ;
#1839 = DIRECTION ( 'NONE',  ( 0.000000000000000000, 0.000000000000000000, 1.000000000000000000 ) ) ;
#1840 = DIRECTION ( 'NONE',  ( 0.000000000000000000, 0.000000000000000000, 1.000000000000000000 ) ) ;
#1841 = DIRECTION ( 'NONE',  ( 0.000000000000000000, -0.000000000000000000, 1.000000000000000000 ) ) ;
#1842 = DIRECTION ( 'NONE',  ( -1.000000000000000000, 0.000000000000000000, 0.000000000000000000 ) ) ;
#1843 = DIRECTION ( 'NONE',  ( 0.000000000000000000, 0.000000000000000000, 1.000000000000000000 ) ) ;
#1844 = CYLINDRICAL_SURFACE ( 'NONE', #689, 1.500000000000001332 ) ;
#1845 = ORIENTED_EDGE ( 'NONE', *, *, #1589, .F. ) ;
#1846 = DIRECTION ( 'NONE',  ( 1.000000000000000000, 0.000000000000000000, 0.000000000000000000 ) ) ;
#1847 = VECTOR ( 'NONE', #31, 1000.000000000000000 ) ;
#1848 = EDGE_CURVE ( 'NONE', #1501, #1227, #669, .T. ) ;
#1849 = DIRECTION ( 'NONE',  ( -0.7071067811865455743, 0.7071067811865495711, 0.000000000000000000 ) ) ;
#1850 = CARTESIAN_POINT ( 'NONE',  ( 3.000005272347671337, 50.00000263666979095, -4.500000000000000000 ) ) ;
#1851 = EDGE_LOOP ( 'NONE', ( #690, #29 ) ) ;
#1852 = VECTOR ( 'NONE', #1779, 1000.000000000000000 ) ;
#1853 = AXIS2_PLACEMENT_3D ( 'NONE', #1516, #1225, #46 ) ;
#1854 = ORIENTED_EDGE ( 'NONE', *, *, #1571, .F. ) ;
#1855 = DIRECTION ( 'NONE',  ( 0.000000000000000000, 0.000000000000000000, -1.000000000000000000 ) ) ;
#1856 = CARTESIAN_POINT ( 'NONE',  ( 5.121320729434794217, 5.121320729434763130, 0.000000000000000000 ) ) ;
#1857 = EDGE_CURVE ( 'NONE', #670, #246, #688, .T. ) ;
#1858 = ORIENTED_EDGE ( 'NONE', *, *, #1515, .F. ) ;
#1859 = DIRECTION ( 'NONE',  ( 0.000000000000000000, 0.000000000000000000, -1.000000000000000000 ) ) ;
#1860 = ADVANCED_FACE ( 'NONE', ( #818 ), #1272, .T. ) ;
#1861 = ORIENTED_EDGE ( 'NONE', *, *, #486, .F. ) ;
#1862 = LINE ( 'NONE', #839, #1263 ) ;
#1863 = ORIENTED_EDGE ( 'NONE', *, *, #740, .T. ) ;
#1864 = CARTESIAN_POINT ( 'NONE',  ( 1.499917515209766128, 53.00000000000000000, -4.500000000000000000 ) ) ;
#1865 = DIRECTION ( 'NONE',  ( 0.7071067811865454633, -0.7071067811865496822, 0.000000000000000000 ) ) ;
#1866 = ORIENTED_EDGE ( 'NONE', *, *, #727, .T. ) ;
#1867 = CARTESIAN_POINT ( 'NONE',  ( -8.248479022789828639E-05, 1.499999999999999778, 1.000000000000000000 ) ) ;
#1868 = EDGE_CURVE ( 'NONE', #272, #1133, #1745, .T. ) ;
#1869 = EDGE_LOOP ( 'NONE', ( #1760, #216, #405, #1417 ) ) ;
#1870 = DIRECTION ( 'NONE',  ( -1.000000000000000000, 0.000000000000000000, 0.000000000000000000 ) ) ;
#1871 = CARTESIAN_POINT ( 'NONE',  ( 42.40699368144974812, 53.00000000000000000, -0.2000000000000005107 ) ) ;
#1872 = ORIENTED_EDGE ( 'NONE', *, *, #868, .T. ) ;
#1873 = ORIENTED_EDGE ( 'NONE', *, *, #1014, .F. ) ;
#1874 = DIRECTION ( 'NONE',  ( 0.000000000000000000, 0.000000000000000000, 1.000000000000000000 ) ) ;
#1875 = CARTESIAN_POINT ( 'NONE',  ( 41.82537098581487811, 52.63888099091593631, 1.984476529055722693 ) ) ;
#1876 = AXIS2_PLACEMENT_3D ( 'NONE', #39, #617, #1061 ) ;
#1877 = EDGE_LOOP ( 'NONE', ( #1294, #400, #609, #172, #1777, #696 ) ) ;
#1878 = ORIENTED_EDGE ( 'NONE', *, *, #1464, .F. ) ;
#1879 = CARTESIAN_POINT ( 'NONE',  ( 76.45000156960618654, 2.999999463558197021, -4.500000000000000000 ) ) ;
#1880 = DIRECTION ( 'NONE',  ( -0.000000000000000000, -0.000000000000000000, 1.000000000000000000 ) ) ;
#1881 = EDGE_CURVE ( 'NONE', #1133, #272, #196, .T. ) ;
#1882 = VERTEX_POINT ( 'NONE', #1879 ) ;
#1883 = DIRECTION ( 'NONE',  ( -1.000000000000000000, 0.000000000000000000, 0.000000000000000000 ) ) ;
#1884 = CARTESIAN_POINT ( 'NONE',  ( 42.35582568415946270, 52.96589561312218564, 1.355265235243861000 ) ) ;
#1885 = AXIS2_PLACEMENT_3D ( 'NONE', #985, #1452, #414 ) ;
#1886 = ORIENTED_EDGE ( 'NONE', *, *, #1216, .F. ) ;
#1887 = ORIENTED_EDGE ( 'NONE', *, *, #1658, .T. ) ;
#1888 = VERTEX_POINT ( 'NONE', #1738 ) ;
#1889 = DIRECTION ( 'NONE',  ( 1.000000000000000000, 0.000000000000000000, 0.000000000000000000 ) ) ;
#1890 = CARTESIAN_POINT ( 'NONE',  ( 42.07669499448219597, 52.78865300170834018, 1.778214230735580825 ) ) ;
#1891 = PRODUCT_DEFINITION ( 'æœ', '', #809, #1392 ) ;
#1892 = EDGE_CURVE ( 'NONE', #825, #157, #1322, .T. ) ;
#1893 = ORIENTED_EDGE ( 'NONE', *, *, #630, .T. ) ;
#1894 = EDGE_LOOP ( 'NONE', ( #429, #1755, #1420, #1017 ) ) ;
#1895 = VECTOR ( 'NONE', #1252, 1000.000000000000000 ) ;
#1896 = ORIENTED_EDGE ( 'NONE', *, *, #175, .T. ) ;
#1897 = FACE_OUTER_BOUND ( 'NONE', #1311, .T. ) ;
#1898 = CYLINDRICAL_SURFACE ( 'NONE', #1115, 1.500000000000000000 ) ;
#1899 = ADVANCED_FACE ( 'NONE', ( #1257 ), #282, .T. ) ;
#1900 = CARTESIAN_POINT ( 'NONE',  ( 40.47555923642165965, 52.99999999999998579, -1.600196801012579328 ) ) ;
#1901 = ORIENTED_EDGE ( 'NONE', *, *, #361, .T. ) ;
#1902 = ORIENTED_EDGE ( 'NONE', *, *, #1620, .T. ) ;
#1903 = LINE ( 'NONE', #1644, #151 ) ;
#1904 = CARTESIAN_POINT ( 'NONE',  ( 74.99991751520975924, 45.75735931288068059, -4.500000000000000000 ) ) ;
#1905 = VECTOR ( 'NONE', #1346, 1000.000000000000000 ) ;
#1906 = DIRECTION ( 'NONE',  ( 0.000000000000000000, 0.000000000000000000, -1.000000000000000000 ) ) ;
#1907 = ORIENTED_EDGE ( 'NONE', *, *, #253, .F. ) ;
#1908 = AXIS2_PLACEMENT_3D ( 'NONE', #160, #1906, #469 ) ;
#1909 = VECTOR ( 'NONE', #36, 1000.000000000000114 ) ;
#1910 = EDGE_CURVE ( 'NONE', #1127, #1026, #1862, .T. ) ;
#1911 = DIRECTION ( 'NONE',  ( 1.000000000000000000, 0.000000000000000000, 0.000000000000000000 ) ) ;
#1912 = ADVANCED_FACE ( 'NONE', ( #1717 ), #830, .T. ) ;
#1913 = ADVANCED_FACE ( 'NONE', ( #106 ), #526, .F. ) ;
#1914 = CARTESIAN_POINT ( 'NONE',  ( 76.44991751520977630, 49.99999999999999289, 2.499999999999999556 ) ) ;
#1915 = CARTESIAN_POINT ( 'NONE',  ( 3.000001308192072891, 2.999999463558197021, 2.499999999999999556 ) ) ;
#1916 = CARTESIAN_POINT ( 'NONE',  ( 1.550001308192072935, 2.999999463558197021, 2.499999999999999556 ) ) ;
#1917 = CARTESIAN_POINT ( 'NONE',  ( 76.49991751520975924, 40.00000000000000000, -4.499999999999999112 ) ) ;
#1918 = ORIENTED_EDGE ( 'NONE', *, *, #1449, .F. ) ;
#1919 = DIRECTION ( 'NONE',  ( 0.000000000000000000, 0.000000000000000000, 1.000000000000000000 ) ) ;
#1920 = PERSON_AND_ORGANIZATION ( #1084, #1050 ) ;
#1921 = EDGE_LOOP ( 'NONE', ( #506, #277, #1415, #1476 ) ) ;
ENDSEC;
END-ISO-10303-21;
